// Code generated by scripts/generate-fonts.py; DO NOT EDIT.
// DejaVu Sans coverage data; see LICENSE.txt for font attribution.
package uifont

var Regular18 = Font{first: 32, last: 126, lineHeight: 22,
	characters: "", pixelTop: -14, pixelBottom: 4,
	index: "\x00\x00\x00\x00\x00\x05\x00\x00\x38\x00\x00\x71\x00\x00\xdf\x00\x01\x42\x00\x01\xb6\x00\x02\x16\x00\x02\x3c\x00\x02\x79\x00\x02\xb6\x00\x02\xf6\x00\x03\x51\x00\x03\x62\x00\x03\x7c\x00\x03\x87\x00\x03\xc1\x00\x04\x0e\x00\x04\x5b\x00\x04\xa8\x00\x04\xf5\x00" +
		"\x05\x42\x00\x05\x8f\x00\x05\xdc\x00\x06\x29\x00\x06\x76\x00\x06\xc3\x00\x06\xe3\x00\x07\x09\x00\x07\x59\x00\x07\x8b\x00\x07\xdb\x00\x08\x21\x00\x08\xb6\x00\x09\x10\x00\x09\x63\x00\x09\xbd\x00\x0a\x1d\x00\x0a\x6a\x00\x0a\xb0\x00\x0b\x10\x00\x0b\x70\x00\x0b" +
		"\x96\x00\x0b\xce\x00\x0c\x28\x00\x0c\x6e\x00\x0c\xdb\x00\x0d\x35\x00\x0d\x95\x00\x0d\xe2\x00\x0e\x50\x00\x0e\xaa\x00\x0e\xf7\x00\x0f\x51\x00\x0f\xab\x00\x10\x05\x00\x10\x7f\x00\x10\xd2\x00\x11\x2c\x00\x11\x7f\x00\x11\xbc\x00\x11\xf6\x00\x12\x33\x00\x12\x80" +
		"\x00\x12\x9b\x00\x12\xd7\x00\x13\x13\x00\x13\x65\x00\x13\x9c\x00\x13\xee\x00\x14\x2a\x00\x14\x60\x00\x14\xb2\x00\x15\x04\x00\x15\x2c\x00\x15\x67\x00\x15\xb9\x00\x15\xe1\x00\x16\x40\x00\x16\x7c\x00\x16\xb8\x00\x17\x0a\x00\x17\x5c\x00\x17\x89\x00\x17\xbb\x00" +
		"\x17\xee\x00\x18\x2a\x00\x18\x66\x00\x18\xb6\x00\x18\xf2\x00\x19\x44\x00\x19\x76\x00\x19\xd9\x00\x1a\x14\x00\x1a\x77",
	data: "\x06\x00\x06\x00\x00\x07\x0d\x07\x00\xf3\x00\x4f\x80\x00\x04\xf8\x00\x00\x4f\x80\x00\x04\xf8\x00\x00\x4f\x80\x00\x04\xf7\x00\x00\x4f\x70\x00\x03\xf6\x00\x00\x2f\x50\x00\x00\x00\x00\x00\x00\x00\x00\x04\xf8\x00\x00\x4f\x80\x00\x08\x0d\x08\x00\xf3\x04\xf3\x0e" +
		"\x80\x04\xf3\x0e\x80\x04\xf3\x0e\x80\x04\xf3\x0e\x80\x04\xf3\x0e\x80\x00\x00\x00\x00\x00\x00\x00\x00\x00\x00\x00\x00\x00\x00\x00\x00\x00\x00\x00\x00\x00\x00\x00\x00\x00\x00\x00\x00\x00\x00\x00\x00\x0f\x0e\x0f\x00\xf2\x00\x00\x00\xac\x00\xab\x00\x00\x00\x00" +
		"\x0d\x80\x0d\x80\x00\x00\x00\x02\xf5\x02\xf4\x00\x00\x00\x00\x5f\x10\x5f\x10\x00\x00\x9f\xff\xff\xff\xff\xfb\x00\x09\xff\xff\xff\xff\xff\xb0\x00\x00\x0e\x70\x0e\x70\x00\x00\x00\x05\xf1\x05\xf1\x00\x00\x09\xff\xff\xff\xff\xff\xa0\x00\x9f\xff\xff\xff\xff\xfa" +
		"\x00\x00\x00\xe7\x00\xe6\x00\x00\x00\x00\x3f\x30\x3f\x30\x00\x00\x00\x06\xf0\x06\xe0\x00\x00\x00\x00\xac\x00\xab\x00\x00\x00\x0b\x11\x0b\x00\xf2\x00\x00\x0c\x10\x00\x00\x00\x00\xc1\x00\x00\x00\x19\xdf\xeb\x50\x00\x1d\xff\xff\xff\x20\x05\xfb\x2c\x24\xa2\x00" +
		"\x7f\x20\xc1\x00\x00\x04\xf7\x0c\x10\x00\x00\x08\xfd\xe7\x30\x00\x00\x02\x7e\xdf\xb1\x00\x00\x00\xc1\x3e\xa0\x00\x00\x0c\x10\xbd\x00\x78\x30\xc2\x6f\xc0\x08\xff\xff\xff\xf5\x00\x16\xbe\xfe\xb4\x00\x00\x00\x0c\x10\x00\x00\x00\x00\xc1\x00\x00\x00\x00\x0c\x10" +
		"\x00\x00\x11\x0d\x11\x00\xf3\x00\x8e\xe9\x00\x00\x05\xe1\x00\x00\x7e\x32\xd8\x00\x01\xe6\x00\x00\x0d\x80\x07\xe0\x00\x9c\x00\x00\x00\xf6\x00\x6f\x00\x4f\x30\x00\x00\x0d\x80\x07\xe0\x0d\x80\x00\x00\x00\x7d\x22\xd8\x08\xd0\x00\x00\x00\x00\x8e\xe9\x13\xf4\x08" +
		"\xde\x91\x00\x00\x00\x00\xc9\x07\xe3\x2d\x90\x00\x00\x00\x6e\x10\xc9\x00\x7e\x00\x00\x00\x1e\x50\x0e\x70\x05\xf1\x00\x00\x0a\xb0\x00\xc9\x00\x7e\x00\x00\x05\xe2\x00\x07\xe3\x2d\x90\x00\x01\xd7\x00\x00\x08\xde\x91\x00\x0e\x0d\x0e\x00\xf3\x00\x02\xad\xeb\x50" +
		"\x00\x00\x00\x0d\xff\xff\xf2\x00\x00\x00\x4f\xb2\x03\xa2\x00\x00\x00\x4f\x60\x00\x00\x00\x00\x00\x1e\xc1\x00\x00\x00\x00\x00\x1c\xfc\x10\x00\x00\x00\x01\xcb\x3d\xd3\x00\x0d\xc0\x08\xf2\x01\xce\x50\x2f\x70\x0c\xd0\x00\x1b\xf7\x9e\x10\x0c\xf2\x00\x00\x9f\xf5" +
		"\x00\x08\xfd\x51\x13\xaf\xf8\x00\x01\xcf\xff\xff\xf6\x9f\x50\x00\x17\xcf\xeb\x30\x1e\xe2\x05\x0d\x05\x00\xf3\x04\xf3\x00\x4f\x30\x04\xf3\x00\x4f\x30\x04\xf3\x00\x00\x00\x00\x00\x00\x00\x00\x00\x00\x00\x00\x00\x00\x00\x00\x00\x00\x00\x00\x00\x07\x10\x07\x00" +
		"\xf2\x00\x02\xf5\x00\x00\xac\x00\x00\x3f\x60\x00\x09\xe1\x00\x00\xeb\x00\x00\x3f\x80\x00\x05\xf6\x00\x00\x6f\x40\x00\x06\xf5\x00\x00\x5f\x60\x00\x02\xf8\x00\x00\x0e\xb0\x00\x00\x9e\x10\x00\x02\xf6\x00\x00\x0a\xc0\x00\x00\x2f\x50\x07\x10\x07\x00\xf2\x05\xf2" +
		"\x00\x00\x0c\xa0\x00\x00\x5f\x30\x00\x01\xe9\x00\x00\x0b\xe0\x00\x00\x7f\x30\x00\x05\xf5\x00\x00\x4f\x60\x00\x04\xf6\x00\x00\x5f\x50\x00\x07\xf3\x00\x00\xbe\x00\x00\x1e\x90\x00\x05\xf3\x00\x00\xca\x00\x00\x5f\x20\x00\x09\x0d\x09\x00\xf3\x00\x00\xf0\x00\x03" +
		"\xa1\x0f\x01\xa3\x19\xd4\xf4\xd9\x10\x04\xdf\xd4\x00\x00\x4d\xfd\x40\x01\x9d\x4f\x4d\x91\x3a\x10\xf0\x1a\x30\x00\x0f\x00\x00\x00\x00\x00\x00\x00\x00\x00\x00\x00\x00\x00\x00\x00\x00\x00\x00\x00\x00\x00\x00\x00\x00\x00\x8f\x0c\x0f\x00\xf4\x00\x00\x05\x00\x0a" +
		"\x00\x0f\x00\x14\x00\x19\x00\x1e\x00\x23\x00\x28\x00\x2d\x00\x32\x00\x37\x00\x3c\x00\x84\x03\x03\xf4\x85\x84\x03\x03\xf4\x85\x84\x03\x03\xf4\x85\x84\x03\x03\xf4\x85\x84\x03\x03\xf4\x85\x01\x01\xca\x01\x30\x01\x01\xca\x01\x30\x84\x03\x03\xf4\x85\x84\x03\x03" +
		"\xf4\x85\x84\x03\x03\xf4\x85\x84\x03\x03\xf4\x85\x84\x03\x03\xf4\x85\x06\x04\x06\x00\xfe\x00\xdf\x00\x00\xed\x00\x03\xf5\x00\x07\xc0\x00\x07\x06\x07\x00\xfa\x2f\xff\xf9\x02\xff\xff\x90\x00\x00\x00\x00\x00\x00\x00\x00\x00\x00\x00\x00\x00\x00\x06\x02\x06\x00" +
		"\xfe\x01\xfc\x00\x01\xfc\x00\x07\x0f\x06\x00\xf3\x00\x00\x9e\x00\x00\x0d\x90\x00\x03\xf5\x00\x00\x7e\x10\x00\x0c\xa0\x00\x02\xf6\x00\x00\x6f\x10\x00\x0b\xc0\x00\x01\xf7\x00\x00\x5f\x30\x00\x09\xd0\x00\x00\xe8\x00\x00\x4f\x40\x00\x08\xe0\x00\x00\xda\x00\x00" +
		"\x00\x0b\x0d\x0b\x00\xf3\x00\x06\xcf\xe9\x10\x00\x07\xff\xff\xfd\x10\x02\xfe\x50\x2b\xf8\x00\x7f\x70\x00\x1e\xd0\x0a\xf2\x00\x00\xbf\x10\xbf\x00\x00\x09\xf3\x0c\xf0\x00\x00\x8f\x40\xbf\x00\x00\x09\xf3\x0a\xf2\x00\x00\xbf\x10\x7f\x70\x00\x1e\xd0\x02\xfe\x50" +
		"\x2b\xf8\x00\x07\xff\xff\xfd\x10\x00\x06\xcf\xe9\x10\x00\x0b\x0d\x0b\x00\xf3\x00\x27\xcf\xd0\x00\x00\x0f\xff\xfd\x00\x00\x00\xd8\x3d\xd0\x00\x00\x00\x00\xdd\x00\x00\x00\x00\x0d\xd0\x00\x00\x00\x00\xdd\x00\x00\x00\x00\x0d\xd0\x00\x00\x00\x00\xdd\x00\x00\x00" +
		"\x00\x0d\xd0\x00\x00\x00\x00\xdd\x00\x00\x00\x00\x0d\xd0\x00\x00\x0c\xff\xff\xff\xc0\x00\xcf\xff\xff\xfc\x00\x0b\x0d\x0b\x00\xf3\x01\x6b\xee\xc7\x10\x00\x9f\xff\xff\xfc\x10\x08\x94\x11\x4d\xf6\x00\x00\x00\x00\x5f\x80\x00\x00\x00\x04\xf6\x00\x00\x00\x00\xbd" +
		"\x10\x00\x00\x00\xae\x30\x00\x00\x01\xae\x30\x00\x00\x01\xce\x30\x00\x00\x02\xdd\x20\x00\x00\x03\xed\x20\x00\x00\x00\xaf\xff\xff\xff\xa0\x0a\xff\xff\xff\xfa\x00\x0b\x0d\x0b\x00\xf3\x00\x4a\xde\xd9\x20\x00\x4f\xff\xff\xfe\x30\x03\xa4\x20\x2a\xf9\x00\x00\x00" +
		"\x00\x2f\xa0\x00\x00\x00\x2a\xf5\x00\x00\x5f\xff\xd6\x00\x00\x05\xff\xfe\x90\x00\x00\x00\x13\xaf\x90\x00\x00\x00\x00\xde\x00\x00\x00\x00\x0d\xf0\x08\x73\x11\x3a\xfb\x00\x9f\xff\xff\xfe\x30\x01\x7c\xef\xd9\x20\x00\x0b\x0d\x0b\x00\xf3\x00\x00\x01\xef\x80\x00" +
		"\x00\x00\xad\xf8\x00\x00\x00\x5e\x5f\x80\x00\x00\x1e\x63\xf8\x00\x00\x0a\xb0\x3f\x80\x00\x04\xe2\x03\xf8\x00\x01\xd5\x00\x3f\x80\x00\x9a\x00\x03\xf8\x00\x1f\xff\xff\xff\xff\x72\xff\xff\xff\xff\xf7\x00\x00\x00\x3f\x80\x00\x00\x00\x03\xf8\x00\x00\x00\x00\x3f" +
		"\x80\x00\x0b\x0d\x0b\x00\xf3\x01\xff\xff\xff\xe0\x00\x1f\xff\xff\xfe\x00\x01\xf8\x00\x00\x00\x00\x1f\x80\x00\x00\x00\x01\xfd\xef\xd7\x00\x00\x1f\xff\xff\xfc\x10\x01\xa4\x11\x5d\xf7\x00\x00\x00\x00\x3f\xc0\x00\x00\x00\x00\xed\x00\x00\x00\x00\x3f\xc0\x08\x73" +
		"\x11\x5d\xf7\x00\x9f\xff\xff\xfc\x10\x01\x7c\xee\xc7\x00\x00\x0b\x0d\x0b\x00\xf3\x00\x01\x8d\xfd\x81\x00\x02\xdf\xff\xff\x70\x00\xbf\xc4\x02\x76\x00\x4f\xe1\x00\x00\x00\x08\xf7\x00\x00\x00\x00\xaf\x48\xef\xc6\x00\x0b\xfa\xff\xff\xf7\x00\xbf\xe5\x11\x6f\xf1" +
		"\x09\xf7\x00\x00\x9f\x40\x6f\x70\x00\x09\xf4\x01\xee\x51\x16\xff\x10\x06\xff\xff\xff\x70\x00\x05\xce\xec\x50\x00\x0b\x0d\x0b\x00\xf3\x08\xff\xff\xff\xfe\x00\x8f\xff\xff\xff\x90\x00\x00\x00\x06\xf4\x00\x00\x00\x00\xcd\x00\x00\x00\x00\x4f\x70\x00\x00\x00\x0a" +
		"\xf1\x00\x00\x00\x01\xfa\x00\x00\x00\x00\x7f\x40\x00\x00\x00\x0d\xd0\x00\x00\x00\x04\xf8\x00\x00\x00\x00\xaf\x20\x00\x00\x00\x2f\xb0\x00\x00\x00\x08\xf5\x00\x00\x00\x0b\x0d\x0b\x00\xf3\x00\x18\xde\xeb\x40\x00\x1d\xff\xff\xff\x60\x06\xfc\x30\x17\xfc\x00\x6f" +
		"\x50\x00\x0e\xd0\x02\xec\x30\x17\xf8\x00\x03\xbf\xff\xe8\x00\x00\x6d\xff\xff\xa1\x00\x5f\xb3\x11\x7f\xb0\x0a\xf2\x00\x00\xaf\x20\xbf\x20\x00\x0a\xf3\x09\xfb\x30\x17\xfe\x10\x2e\xff\xff\xff\x70\x00\x29\xdf\xec\x50\x00\x0b\x0d\x0b\x00\xf3\x00\x29\xdf\xd8\x10" +
		"\x00\x2e\xff\xff\xfc\x00\x09\xfb\x20\x2a\xf7\x00\xcf\x10\x00\x0f\xc0\x0c\xf1\x00\x00\xff\x00\x9f\xa2\x02\xaf\xf2\x02\xef\xff\xfe\xbf\x30\x02\xae\xfb\x3c\xf2\x00\x00\x00\x01\xfe\x00\x00\x00\x00\x8f\xa0\x00\xb4\x12\x8f\xf3\x00\x0f\xff\xff\xf7\x00\x00\x4b\xee" +
		"\xb4\x00\x00\x06\x09\x06\x00\xf7\x00\xdf\x00\x00\xdf\x00\x00\x00\x00\x00\x00\x00\x00\x00\x00\x00\x00\x00\x00\x00\x00\x00\xdf\x00\x00\xdf\x00\x06\x0b\x06\x00\xf7\x00\xdf\x00\x00\xdf\x00\x00\x00\x00\x00\x00\x00\x00\x00\x00\x00\x00\x00\x00\x00\x00\x00\xdf\x00" +
		"\x00\xed\x00\x03\xf5\x00\x07\xc0\x00\x0f\x0a\x0f\x00\xf6\x00\x00\x00\x00\x00\x16\xb2\x00\x00\x00\x00\x04\x9e\xfd\x20\x00\x00\x02\x7d\xfe\xa4\x00\x00\x00\x5b\xff\xb6\x10\x00\x00\x01\xef\xd8\x20\x00\x00\x00\x00\x1e\xfd\x72\x00\x00\x00\x00\x00\x15\xbf\xfb\x61" +
		"\x00\x00\x00\x00\x00\x27\xdf\xea\x40\x00\x00\x00\x00\x00\x49\xef\xd2\x00\x00\x00\x00\x00\x01\x6b\x20\x8f\x09\x0f\x00\xf7\x00\x00\x05\x00\x0a\x00\x0b\x00\x0c\x00\x11\x00\x16\x00\x17\x00\x18\x00\x19\x00\x01\x01\xca\x01\x30\x01\x01\xca\x01\x30\x8e\x8e\x01\x01" +
		"\xca\x01\x30\x01\x01\xca\x01\x30\x8e\x8e\x8e\x0f\x0a\x0f\x00\xf6\x01\xc6\x10\x00\x00\x00\x00\x00\x1d\xfe\xa4\x00\x00\x00\x00\x00\x04\x9e\xfd\x82\x00\x00\x00\x00\x00\x15\xbf\xfb\x61\x00\x00\x00\x00\x00\x27\xdf\xe2\x00\x00\x00\x00\x01\x7c\xfe\x20\x00\x00\x01" +
		"\x5b\xff\xb6\x10\x00\x00\x49\xef\xd8\x20\x00\x00\x01\xdf\xea\x40\x00\x00\x00\x00\x1c\x61\x00\x00\x00\x00\x00\x0a\x0d\x0a\x00\xf3\x02\x8c\xed\x91\x00\x0b\xff\xff\xfb\x00\x09\x72\x04\xef\x20\x00\x00\x00\x8f\x40\x00\x00\x00\xce\x10\x00\x00\x0b\xf5\x00\x00\x00" +
		"\xbf\x50\x00\x00\x05\xf7\x00\x00\x00\x07\xf3\x00\x00\x00\x08\xf3\x00\x00\x00\x00\x00\x00\x00\x00\x08\xf3\x00\x00\x00\x08\xf3\x00\x00\x12\x10\x12\x00\xf3\x00\x00\x02\x8c\xef\xda\x50\x00\x00\x00\x00\x7f\xff\xff\xff\xfc\x30\x00\x00\x09\xfe\x83\x10\x14\x9f\xe3" +
		"\x00\x00\x7f\xa1\x00\x00\x00\x02\xdd\x10\x01\xeb\x00\x00\x00\x00\x00\x2e\x60\x06\xf1\x00\x4c\xed\x48\xb0\x09\xa0\x0a\xa0\x04\xff\xff\xfa\xb0\x09\xb0\x0c\x70\x09\xe4\x11\x3d\xb0\x0d\x90\x0c\x70\x09\xe4\x10\x3d\xb3\xbf\x40\x0a\xa0\x04\xff\xff\xfa\xff\xf8\x00" +
		"\x06\xe1\x00\x5c\xed\x48\xea\x40\x00\x01\xea\x00\x00\x00\x00\x00\x00\x00\x00\x7f\x91\x00\x00\x00\x00\x00\x00\x00\x0a\xfd\x73\x11\x25\xab\x00\x00\x00\x00\x8f\xff\xff\xff\xf7\x00\x00\x00\x00\x02\x8c\xee\xd8\x20\x00\x00\x0d\x0d\x0c\x00\xf3\x00\x00\x1f\xf5\x00" +
		"\x00\x00\x00\x06\xfe\xb0\x00\x00\x00\x00\xcd\x8f\x20\x00\x00\x00\x3f\x72\xf8\x00\x00\x00\x09\xf1\x0c\xd0\x00\x00\x00\xeb\x00\x6f\x40\x00\x00\x5f\x50\x01\xea\x00\x00\x0b\xe0\x00\x09\xf1\x00\x02\xff\xff\xff\xff\x70\x00\x8f\xff\xff\xff\xfc\x00\x0d\xe1\x00\x00" +
		"\x0a\xf3\x04\xf9\x00\x00\x00\x4f\x90\xaf\x30\x00\x00\x00\xde\x10\x0c\x0d\x0c\x00\xf3\x04\xff\xff\xfd\x92\x00\x04\xff\xff\xff\xfe\x20\x04\xf8\x00\x03\xbf\x70\x04\xf8\x00\x00\x5f\x70\x04\xf8\x00\x02\xbf\x30\x04\xff\xff\xff\xd6\x00\x04\xff\xff\xff\xf9\x00\x04" +
		"\xf8\x00\x02\x9f\x90\x04\xf8\x00\x00\x0d\xe0\x04\xf8\x00\x00\x0d\xf1\x04\xf8\x00\x02\x9f\xd0\x04\xff\xff\xff\xff\x50\x04\xff\xff\xfe\xb4\x00\x0d\x0d\x0d\x00\xf3\x00\x00\x6b\xef\xdb\x61\x00\x02\xdf\xff\xff\xff\x90\x00\xcf\xc5\x10\x24\x98\x00\x6f\xc0\x00\x00" +
		"\x00\x00\x0b\xf4\x00\x00\x00\x00\x00\xef\x00\x00\x00\x00\x00\x0f\xe0\x00\x00\x00\x00\x00\xef\x00\x00\x00\x00\x00\x0b\xf4\x00\x00\x00\x00\x00\x6f\xc0\x00\x00\x00\x00\x00\xdf\xc5\x10\x24\x98\x00\x02\xdf\xff\xff\xff\x90\x00\x01\x7b\xef\xdb\x61\x00\x0e\x0d\x0e" +
		"\x00\xf3\x04\xff\xff\xed\xa5\x00\x00\x04\xff\xff\xff\xff\xb1\x00\x04\xf8\x00\x13\x7e\xfb\x00\x04\xf8\x00\x00\x01\xdf\x40\x04\xf8\x00\x00\x00\x6f\x90\x04\xf8\x00\x00\x00\x2f\xb0\x04\xf8\x00\x00\x00\x1f\xc0\x04\xf8\x00\x00\x00\x3f\xb0\x04\xf8\x00\x00\x00\x6f" +
		"\x90\x04\xf8\x00\x00\x01\xdf\x40\x04\xf8\x00\x13\x7e\xfb\x00\x04\xff\xff\xff\xff\xb1\x00\x04\xff\xff\xed\xa5\x00\x00\x0b\x0d\x0b\x00\xf3\x04\xff\xff\xff\xff\x10\x4f\xff\xff\xff\xf1\x04\xf8\x00\x00\x00\x00\x4f\x80\x00\x00\x00\x04\xf8\x00\x00\x00\x00\x4f\xff" +
		"\xff\xff\xc0\x04\xff\xff\xff\xfc\x00\x4f\x80\x00\x00\x00\x04\xf8\x00\x00\x00\x00\x4f\x80\x00\x00\x00\x04\xf8\x00\x00\x00\x00\x4f\xff\xff\xff\xf3\x04\xff\xff\xff\xff\x30\x0a\x0d\x0a\x00\xf3\x04\xff\xff\xff\xf5\x04\xff\xff\xff\xf5\x04\xf8\x00\x00\x00\x04\xf8" +
		"\x00\x00\x00\x04\xf8\x00\x00\x00\x04\xff\xff\xff\xb0\x04\xff\xff\xff\xb0\x04\xf8\x00\x00\x00\x04\xf8\x00\x00\x00\x04\xf8\x00\x00\x00\x04\xf8\x00\x00\x00\x04\xf8\x00\x00\x00\x04\xf8\x00\x00\x00\x0e\x0d\x0e\x00\xf3\x00\x00\x6b\xef\xec\x93\x00\x00\x2c\xff\xff" +
		"\xff\xff\x20\x00\xcf\xc5\x20\x13\x6c\x20\x06\xfc\x00\x00\x00\x00\x00\x0b\xf4\x00\x00\x00\x00\x00\x0e\xf0\x00\x03\xff\xff\x70\x0f\xe0\x00\x03\xff\xff\x70\x0e\xf0\x00\x00\x00\x4f\x70\x0b\xf3\x00\x00\x00\x4f\x70\x06\xfc\x00\x00\x00\x4f\x70\x00\xdf\xc5\x20\x13" +
		"\xaf\x70\x00\x2c\xff\xff\xff\xfb\x10\x00\x00\x6b\xef\xeb\x50\x00\x0e\x0d\x0e\x00\xf3\x04\xf8\x00\x00\x00\xfc\x00\x04\xf8\x00\x00\x00\xfc\x00\x04\xf8\x00\x00\x00\xfc\x00\x04\xf8\x00\x00\x00\xfc\x00\x04\xf8\x00\x00\x00\xfc\x00\x04\xff\xff\xff\xff\xfc\x00\x04" +
		"\xff\xff\xff\xff\xfc\x00\x04\xf8\x00\x00\x00\xfc\x00\x04\xf8\x00\x00\x00\xfc\x00\x04\xf8\x00\x00\x00\xfc\x00\x04\xf8\x00\x00\x00\xfc\x00\x04\xf8\x00\x00\x00\xfc\x00\x04\xf8\x00\x00\x00\xfc\x00\x05\x0d\x05\x00\xf3\x04\xf8\x00\x4f\x80\x04\xf8\x00\x4f\x80\x04" +
		"\xf8\x00\x4f\x80\x04\xf8\x00\x4f\x80\x04\xf8\x00\x4f\x80\x04\xf8\x00\x4f\x80\x04\xf8\x00\x06\x11\x05\xff\xf3\x00\x4f\x80\x00\x4f\x80\x00\x4f\x80\x00\x4f\x80\x00\x4f\x80\x00\x4f\x80\x00\x4f\x80\x00\x4f\x80\x00\x4f\x80\x00\x4f\x80\x00\x4f\x80\x00\x4f\x80\x00" +
		"\x4f\x80\x00\x6f\x70\x03\xdf\x40\xef\xfc\x00\xee\xa2\x00\x0d\x0d\x0c\x00\xf3\x04\xf8\x00\x00\x3e\xe4\x00\x4f\x80\x00\x3e\xe3\x00\x04\xf8\x00\x4e\xd2\x00\x00\x4f\x80\x5f\xd2\x00\x00\x04\xf8\x6f\xc1\x00\x00\x00\x4f\xdf\xb1\x00\x00\x00\x04\xfe\xfa\x00\x00\x00" +
		"\x00\x4f\x8a\xfa\x00\x00\x00\x04\xf8\x0a\xfa\x00\x00\x00\x4f\x80\x0a\xfa\x00\x00\x04\xf8\x00\x0a\xfa\x00\x00\x4f\x80\x00\x0a\xfa\x00\x04\xf8\x00\x00\x0a\xfa\x00\x0a\x0d\x0a\x00\xf3\x04\xf8\x00\x00\x00\x04\xf8\x00\x00\x00\x04\xf8\x00\x00\x00\x04\xf8\x00\x00" +
		"\x00\x04\xf8\x00\x00\x00\x04\xf8\x00\x00\x00\x04\xf8\x00\x00\x00\x04\xf8\x00\x00\x00\x04\xf8\x00\x00\x00\x04\xf8\x00\x00\x00\x04\xf8\x00\x00\x00\x04\xff\xff\xff\xfe\x04\xff\xff\xff\xfe\x10\x0d\x10\x00\xf3\x04\xff\x90\x00\x00\x1f\xfc\x00\x04\xfe\xe1\x00\x00" +
		"\x7f\xfc\x00\x04\xf9\xf6\x00\x00\xda\xec\x00\x04\xf7\xbc\x00\x04\xf4\xec\x00\x04\xf7\x5f\x30\x0a\xd0\xec\x00\x04\xf7\x0e\x90\x1f\x70\xec\x00\x04\xf7\x08\xe1\x7f\x10\xec\x00\x04\xf7\x02\xf6\xda\x00\xec\x00\x04\xf7\x00\xbe\xf4\x00\xec\x00\x04\xf7\x00\x5f\xd0" +
		"\x00\xec\x00\x04\xf7\x00\x00\x00\x00\xec\x00\x04\xf7\x00\x00\x00\x00\xec\x00\x04\xf7\x00\x00\x00\x00\xec\x00\x0d\x0d\x0d\x00\xf3\x04\xff\x60\x00\x00\xfb\x00\x4f\xfe\x10\x00\x0f\xb0\x04\xfc\xf7\x00\x00\xfb\x00\x4f\x7c\xe1\x00\x0f\xb0\x04\xf7\x4f\x80\x00\xfb" +
		"\x00\x4f\x70\xbf\x20\x0f\xb0\x04\xf7\x03\xf9\x00\xfb\x00\x4f\x70\x0a\xf3\x0f\xb0\x04\xf7\x00\x2f\xa0\xfb\x00\x4f\x70\x00\x8f\x4f\xb0\x04\xf7\x00\x01\xec\xfb\x00\x4f\x70\x00\x07\xff\xb0\x04\xf7\x00\x00\x1e\xfb\x00\x0e\x0d\x0e\x00\xf3\x00\x01\x7c\xee\xd8\x10" +
		"\x00\x00\x2d\xff\xff\xff\xe4\x00\x00\xdf\xc4\x11\x3a\xfe\x20\x06\xfc\x00\x00\x00\xaf\x90\x0b\xf4\x00\x00\x00\x1f\xe0\x0e\xf0\x00\x00\x00\x0c\xf1\x0f\xe0\x00\x00\x00\x0b\xf2\x0e\xf0\x00\x00\x00\x0c\xf1\x0b\xf4\x00\x00\x00\x1f\xe0\x06\xfc\x00\x00\x00\x9f\x90" +
		"\x01\xdf\xc4\x10\x3a\xfe\x20\x00\x2d\xff\xff\xff\xe4\x00\x00\x01\x7c\xef\xd8\x20\x00\x0b\x0d\x0b\x00\xf3\x04\xff\xff\xec\x60\x00\x4f\xff\xff\xff\x70\x04\xf8\x00\x17\xfe\x10\x4f\x80\x00\x0b\xf3\x04\xf8\x00\x00\xbf\x30\x4f\x80\x01\x7f\xe1\x04\xff\xff\xff\xf7" +
		"\x00\x4f\xff\xfe\xc6\x00\x04\xf8\x00\x00\x00\x00\x4f\x80\x00\x00\x00\x04\xf8\x00\x00\x00\x00\x4f\x80\x00\x00\x00\x04\xf8\x00\x00\x00\x00\x0e\x0f\x0e\x00\xf3\x00\x01\x7c\xee\xd8\x20\x00\x00\x2d\xff\xff\xff\xe4\x00\x00\xdf\xc4\x11\x3a\xfe\x20\x06\xfc\x00\x00" +
		"\x00\xaf\x90\x0b\xf4\x00\x00\x00\x1f\xe0\x0e\xf0\x00\x00\x00\x0c\xf1\x0f\xe0\x00\x00\x00\x0b\xf2\x0e\xf0\x00\x00\x00\x0c\xf0\x0b\xf4\x00\x00\x00\x1f\xd0\x06\xfc\x00\x00\x00\x9f\x70\x01\xdf\xc4\x10\x3a\xfc\x10\x00\x2d\xff\xff\xff\xb2\x00\x00\x01\x7c\xef\xfd" +
		"\x00\x00\x00\x00\x00\x00\xaf\x90\x00\x00\x00\x00\x00\x0a\xf7\x00\x0d\x0d\x0d\x00\xf3\x04\xff\xff\xec\x60\x00\x00\x4f\xff\xff\xff\x80\x00\x04\xf8\x00\x16\xff\x10\x00\x4f\x80\x00\x0b\xf3\x00\x04\xf8\x00\x00\xbf\x20\x00\x4f\x80\x01\x6f\xd0\x00\x04\xff\xff\xff" +
		"\xe3\x00\x00\x4f\xff\xff\xf8\x00\x00\x04\xf8\x00\x2b\xf7\x00\x00\x4f\x80\x00\x1d\xe1\x00\x04\xf8\x00\x00\x5f\x90\x00\x4f\x80\x00\x00\xbf\x20\x04\xf8\x00\x00\x03\xfb\x00\x0b\x0d\x0b\x00\xf3\x00\x29\xde\xeb\x61\x00\x2e\xff\xff\xff\xa0\x09\xfb\x31\x13\x88\x00" +
		"\xcf\x10\x00\x00\x00\x0a\xf2\x00\x00\x00\x00\x3f\xe9\x53\x00\x00\x00\x29\xef\xfe\x81\x00\x00\x00\x25\xaf\xb0\x00\x00\x00\x00\x9f\x40\x00\x00\x00\x08\xf6\x0a\x84\x20\x26\xff\x40\xcf\xff\xff\xff\xb0\x02\x7b\xdf\xec\x60\x00\x0d\x0d\x0b\xff\xf3\x1f\xff\xff\xff" +
		"\xff\xff\x11\xff\xff\xff\xff\xff\xf1\x00\x00\x06\xf6\x00\x00\x00\x00\x00\x6f\x60\x00\x00\x00\x00\x06\xf6\x00\x00\x00\x00\x00\x6f\x60\x00\x00\x00\x00\x06\xf6\x00\x00\x00\x00\x00\x6f\x60\x00\x00\x00\x00\x06\xf6\x00\x00\x00\x00\x00\x6f\x60\x00\x00\x00\x00\x06" +
		"\xf6\x00\x00\x00\x00\x00\x6f\x60\x00\x00\x00\x00\x06\xf6\x00\x00\x00\x0d\x0d\x0d\x00\xf3\x07\xf5\x00\x00\x03\xf9\x00\x7f\x50\x00\x00\x3f\x90\x07\xf5\x00\x00\x03\xf9\x00\x7f\x50\x00\x00\x3f\x90\x07\xf5\x00\x00\x03\xf9\x00\x7f\x50\x00\x00\x3f\x90\x07\xf5\x00" +
		"\x00\x03\xf9\x00\x6f\x50\x00\x00\x3f\x90\x06\xf7\x00\x00\x04\xf8\x00\x3f\xb0\x00\x00\x8f\x60\x00\xdf\x92\x12\x7f\xe1\x00\x04\xff\xff\xff\xf6\x00\x00\x03\xae\xfe\xb4\x00\x00\x0d\x0d\x0c\x00\xf3\xaf\x30\x00\x00\x00\xde\x14\xf9\x00\x00\x00\x4f\x90\x0d\xe0\x00" +
		"\x00\x0a\xf3\x00\x8f\x50\x00\x01\xec\x00\x02\xfb\x00\x00\x6f\x70\x00\x0b\xf2\x00\x0c\xf1\x00\x00\x5f\x70\x02\xfa\x00\x00\x00\xed\x00\x8f\x40\x00\x00\x09\xf3\x0e\xd0\x00\x00\x00\x3f\x94\xf8\x00\x00\x00\x00\xce\xbf\x20\x00\x00\x00\x06\xff\xb0\x00\x00\x00\x00" +
		"\x1f\xf5\x00\x00\x00\x12\x0d\x12\x00\xf3\x4f\x80\x00\x03\xff\x10\x00\x0b\xf1\x1f\xc0\x00\x07\xff\x40\x00\x0e\xc0\x0c\xf1\x00\x0b\xbe\x80\x00\x3f\x90\x08\xf4\x00\x0e\x7a\xc0\x00\x7f\x50\x04\xf8\x00\x3f\x36\xf1\x00\xbf\x10\x01\xfc\x00\x7e\x02\xf4\x00\xec\x00" +
		"\x00\xbf\x10\xbb\x00\xe8\x03\xf8\x00\x00\x8f\x40\xe7\x00\xac\x07\xf4\x00\x00\x4f\x83\xf3\x00\x6f\x1b\xf1\x00\x00\x0f\xc7\xe0\x00\x3f\x4e\xc0\x00\x00\x0b\xfc\xb0\x00\x0e\xbf\x80\x00\x00\x07\xff\x70\x00\x0a\xff\x40\x00\x00\x04\xff\x40\x00\x07\xff\x10\x00\x0c" +
		"\x0d\x0c\x00\xf3\x08\xf6\x00\x00\x0b\xf3\x00\xce\x20\x00\x7f\x70\x00\x3f\xb0\x03\xfb\x00\x00\x08\xf6\x0c\xe2\x00\x00\x00\xce\xaf\x50\x00\x00\x00\x3f\xfa\x00\x00\x00\x00\x1e\xf6\x00\x00\x00\x00\xaf\xde\x20\x00\x00\x05\xf9\x3f\xb0\x00\x00\x2e\xd1\x07\xf6\x00" +
		"\x00\xbf\x30\x00\xce\x20\x06\xf7\x00\x00\x3f\xb0\x2e\xc0\x00\x00\x07\xf6\x0d\x0d\x0b\xff\xf3\x0a\xf3\x00\x00\x03\xfa\x00\x1e\xd1\x00\x01\xde\x10\x00\x5f\x90\x00\x8f\x50\x00\x00\xaf\x40\x4f\xa0\x00\x00\x01\xed\x2d\xd1\x00\x00\x00\x04\xfe\xf4\x00\x00\x00\x00" +
		"\x09\xf9\x00\x00\x00\x00\x00\x6f\x60\x00\x00\x00\x00\x06\xf6\x00\x00\x00\x00\x00\x6f\x60\x00\x00\x00\x00\x06\xf6\x00\x00\x00\x00\x00\x6f\x60\x00\x00\x00\x00\x06\xf6\x00\x00\x00\x0c\x0d\x0c\x00\xf3\x0f\xff\xff\xff\xff\xf5\x0f\xff\xff\xff\xff\xe2\x00\x00\x00" +
		"\x00\x5f\x40\x00\x00\x00\x03\xe6\x00\x00\x00\x00\x2e\x90\x00\x00\x00\x01\xcb\x00\x00\x00\x00\x0b\xc1\x00\x00\x00\x00\x9e\x20\x00\x00\x00\x07\xe3\x00\x00\x00\x00\x5f\x50\x00\x00\x00\x03\xe7\x00\x00\x00\x00\x1d\xff\xff\xff\xff\xf8\x3f\xff\xff\xff\xff\xf8\x07" +
		"\x10\x07\x00\xf2\x07\xff\xf4\x00\x7f\xff\x40\x07\xf3\x00\x00\x7f\x30\x00\x07\xf3\x00\x00\x7f\x30\x00\x07\xf3\x00\x00\x7f\x30\x00\x07\xf3\x00\x00\x7f\x30\x00\x07\xf3\x00\x00\x7f\x30\x00\x07\xf3\x00\x00\x7f\x30\x00\x07\xff\xf4\x00\x7f\xff\x40\x07\x0f\x06\x00" +
		"\xf3\xda\x00\x00\x08\xe0\x00\x00\x4f\x40\x00\x00\xe8\x00\x00\x09\xd0\x00\x00\x5f\x30\x00\x01\xf7\x00\x00\x0b\xc0\x00\x00\x6f\x10\x00\x02\xf6\x00\x00\x0c\xa0\x00\x00\x7e\x10\x00\x03\xf5\x00\x00\x0d\x90\x00\x00\x9e\x00\x07\x10\x07\x00\xf2\x04\xff\xf7\x00\x4f" +
		"\xff\x70\x00\x02\xf7\x00\x00\x2f\x70\x00\x02\xf7\x00\x00\x2f\x70\x00\x02\xf7\x00\x00\x2f\x70\x00\x02\xf7\x00\x00\x2f\x70\x00\x02\xf7\x00\x00\x2f\x70\x00\x02\xf7\x00\x00\x2f\x70\x04\xff\xf7\x00\x4f\xff\x70\x8f\x0d\x0f\x00\xf3\x00\x00\x06\x00\x0c\x00\x13\x00" +
		"\x1b\x00\x24\x00\x25\x00\x26\x00\x27\x00\x28\x00\x29\x00\x2a\x00\x2b\x00\x2c\x00\x83\x05\x01\xbf\xc1\x84\x84\x05\xbf\xaf\xc1\x83\x83\x07\xaf\x60\x5f\xb1\x82\x0b\x00\x0a\xf5\x00\x04\xeb\x82\x04\x00\x9e\x40\x83\x03\x03\xea\x81\x8e\x8e\x8e\x8e\x8e\x8e\x8e\x8e" +
		"\x0b\x04\x09\xff\x00\x00\x00\x00\x00\x00\x00\x00\x00\x00\x00\x00\x3f\xff\xff\xff\xff\x33\xff\xff\xff\xff\xf3\x89\x0e\x09\x00\xf2\x00\x00\x04\x00\x09\x00\x0e\x00\x0f\x00\x10\x00\x11\x00\x12\x00\x13\x00\x14\x00\x15\x00\x16\x00\x17\x00\x18\x00\x19\x00\x03\x02" +
		"\xda\x84\x04\x00\x2e\x70\x83\x05\x00\x03\xe4\x82\x88\x88\x88\x88\x88\x88\x88\x88\x88\x88\x88\x0b\x0a\x0b\x00\xf6\x00\x5b\xef\xc6\x00\x00\x3f\xff\xff\xf7\x00\x03\xa4\x11\x4d\xe1\x00\x00\x00\x00\x5f\x40\x00\x6b\xef\xff\xf5\x00\x7f\xff\xff\xff\x60\x0d\xe4\x10" +
		"\x05\xf6\x00\xdd\x30\x15\xdf\x60\x08\xff\xff\xfa\xf6\x00\x08\xdf\xd6\x3f\x60\x0b\x0e\x0b\x00\xf2\x05\xf4\x00\x00\x00\x00\x5f\x40\x00\x00\x00\x05\xf4\x00\x00\x00\x00\x5f\x40\x00\x00\x00\x05\xf4\x6d\xfc\x50\x00\x5f\xaf\xff\xff\x60\x05\xff\x71\x17\xfe\x00\x5f" +
		"\x90\x00\x09\xf4\x05\xf5\x00\x00\x5f\x60\x5f\x50\x00\x05\xf6\x05\xf9\x00\x00\x9f\x40\x5f\xf7\x11\x7f\xe0\x05\xfa\xff\xff\xf6\x00\x5f\x46\xdf\xc5\x00\x0a\x0a\x0a\x00\xf6\x00\x07\xcf\xea\x20\x00\xbf\xff\xff\xc0\x07\xfd\x41\x15\x90\x0c\xf2\x00\x00\x00\x0e\xc0" +
		"\x00\x00\x00\x0f\xc0\x00\x00\x00\x0c\xf2\x00\x00\x00\x07\xfd\x41\x15\x90\x00\xcf\xff\xff\xc0\x00\x07\xdf\xda\x20\x0b\x0e\x0b\x00\xf2\x00\x00\x00\x00\xcc\x00\x00\x00\x00\x0c\xc0\x00\x00\x00\x00\xcc\x00\x00\x00\x00\x0c\xc0\x00\x2a\xee\xa1\xcc\x00\x1d\xff\xff" +
		"\xcd\xc0\x08\xfb\x31\x4d\xfc\x00\xde\x10\x00\x3f\xc0\x0f\xb0\x00\x00\xec\x00\xfb\x00\x00\x0e\xc0\x0d\xe1\x00\x03\xfc\x00\x8f\xb3\x14\xdf\xc0\x01\xdf\xff\xfc\xdc\x00\x02\xae\xea\x1c\xc0\x0b\x0a\x0b\x00\xf6\x00\x07\xdf\xea\x20\x00\x0b\xff\xff\xfe\x20\x07\xfb" +
		"\x31\x17\xfa\x00\xce\x00\x00\x09\xe0\x0e\xff\xff\xff\xff\x10\xff\xff\xff\xff\xf2\x0c\xd0\x00\x00\x00\x00\x7f\xa3\x11\x37\x90\x00\xbf\xff\xff\xfb\x00\x00\x6c\xee\xc8\x20\x07\x0e\x06\x00\xf2\x00\x1a\xef\xa0\x0a\xff\xfa\x00\xec\x10\x00\x0f\x90\x00\x9f\xff\xff" +
		"\x49\xff\xff\xf4\x01\xf9\x00\x00\x1f\x90\x00\x01\xf9\x00\x00\x1f\x90\x00\x01\xf9\x00\x00\x1f\x90\x00\x01\xf9\x00\x00\x1f\x90\x00\x0b\x0e\x0b\x00\xf6\x00\x2a\xee\xa1\xcc\x00\x1d\xff\xff\xcd\xc0\x08\xfb\x31\x4d\xfc\x00\xde\x10\x00\x3f\xc0\x0f\xb0\x00\x00\xec" +
		"\x00\xfb\x00\x00\x0e\xc0\x0d\xe1\x00\x02\xfc\x00\x8f\xb2\x13\xcf\xc0\x01\xdf\xff\xfc\xdc\x00\x02\xae\xea\x1e\xb0\x00\x00\x00\x04\xf8\x00\x09\x41\x15\xdf\x40\x00\xcf\xff\xff\xa0\x00\x03\xad\xfd\x70\x00\x0b\x0e\x0b\x00\xf2\x05\xf4\x00\x00\x00\x00\x5f\x40\x00" +
		"\x00\x00\x05\xf4\x00\x00\x00\x00\x5f\x40\x00\x00\x00\x05\xf4\x5d\xfd\x50\x00\x5f\xaf\xff\xff\x40\x05\xff\x61\x17\xfa\x00\x5f\x80\x00\x0d\xc0\x05\xf4\x00\x00\xbd\x00\x5f\x40\x00\x0b\xd0\x05\xf4\x00\x00\xbd\x00\x5f\x40\x00\x0b\xd0\x05\xf4\x00\x00\xbd\x00\x5f" +
		"\x40\x00\x0b\xd0\x05\x0e\x05\x00\xf2\x04\xf5\x00\x4f\x50\x00\x00\x00\x00\x00\x04\xf5\x00\x4f\x50\x04\xf5\x00\x4f\x50\x04\xf5\x00\x4f\x50\x04\xf5\x00\x4f\x50\x04\xf5\x00\x4f\x50\x06\x12\x05\xff\xf2\x00\x4f\x50\x00\x4f\x50\x00\x00\x00\x00\x00\x00\x00\x4f\x50" +
		"\x00\x4f\x50\x00\x4f\x50\x00\x4f\x50\x00\x4f\x50\x00\x4f\x50\x00\x4f\x50\x00\x4f\x50\x00\x4f\x50\x00\x4f\x50\x00\x5f\x40\x01\xaf\x20\x5f\xfd\x00\x5e\xb2\x00\x0b\x0e\x0a\x00\xf2\x05\xf4\x00\x00\x00\x00\x5f\x40\x00\x00\x00\x05\xf4\x00\x00\x00\x00\x5f\x40\x00" +
		"\x00\x00\x05\xf4\x00\x07\xf9\x00\x5f\x40\x09\xf7\x00\x05\xf4\x0a\xf6\x00\x00\x5f\x5b\xe4\x00\x00\x05\xfe\xf4\x00\x00\x00\x5f\x9f\xb1\x00\x00\x05\xf4\x5f\xb1\x00\x00\x5f\x40\x5f\xc1\x00\x05\xf4\x00\x4f\xc1\x00\x5f\x40\x00\x4f\xc1\x05\x0e\x05\x00\xf2\x04\xf5" +
		"\x00\x4f\x50\x04\xf5\x00\x4f\x50\x04\xf5\x00\x4f\x50\x04\xf5\x00\x4f\x50\x04\xf5\x00\x4f\x50\x04\xf5\x00\x4f\x50\x04\xf5\x00\x4f\x50\x12\x0a\x12\x00\xf6\x05\xf4\x6d\xec\x30\x3b\xee\x70\x00\x05\xfa\xff\xff\xe3\xef\xff\xf5\x00\x05\xff\x61\x1a\xfe\xa2\x15\xfb" +
		"\x00\x05\xf8\x00\x02\xfd\x00\x00\xbe\x00\x05\xf4\x00\x00\xfa\x00\x00\x9f\x00\x05\xf4\x00\x00\xfa\x00\x00\x9f\x00\x05\xf4\x00\x00\xfa\x00\x00\x9f\x00\x05\xf4\x00\x00\xfa\x00\x00\x9f\x00\x05\xf4\x00\x00\xfa\x00\x00\x9f\x00\x05\xf4\x00\x00\xfa\x00\x00\x9f\x00" +
		"\x0b\x0a\x0b\x00\xf6\x05\xf4\x5d\xfd\x50\x00\x5f\xaf\xff\xff\x40\x05\xff\x61\x17\xfa\x00\x5f\x80\x00\x0d\xc0\x05\xf4\x00\x00\xbd\x00\x5f\x40\x00\x0b\xd0\x05\xf4\x00\x00\xbd\x00\x5f\x40\x00\x0b\xd0\x05\xf4\x00\x00\xbd\x00\x5f\x40\x00\x0b\xd0\x0b\x0a\x0b\x00" +
		"\xf6\x00\x19\xdf\xd9\x10\x00\x1d\xff\xff\xfd\x10\x08\xfc\x31\x3c\xf8\x00\xde\x10\x00\x1e\xd0\x0f\xc0\x00\x00\xcf\x00\xfc\x00\x00\x0c\xf0\x0d\xe1\x00\x01\xed\x00\x8f\xc3\x13\xcf\x80\x01\xdf\xff\xff\xd1\x00\x01\x9d\xfd\x91\x00\x0b\x0e\x0b\x00\xf6\x05\xf4\x6d" +
		"\xfc\x50\x00\x5f\xaf\xff\xff\x60\x05\xff\x71\x17\xfe\x00\x5f\x90\x00\x09\xf4\x05\xf5\x00\x00\x5f\x60\x5f\x50\x00\x05\xf6\x05\xf9\x00\x00\x9f\x40\x5f\xf7\x11\x7f\xe0\x05\xfa\xff\xff\xf6\x00\x5f\x46\xdf\xc5\x00\x05\xf4\x00\x00\x00\x00\x5f\x40\x00\x00\x00\x05" +
		"\xf4\x00\x00\x00\x00\x5f\x40\x00\x00\x00\x0b\x0e\x0b\x00\xf6\x00\x2a\xee\xa1\xcc\x00\x1d\xff\xff\xcd\xc0\x08\xfb\x31\x4d\xfc\x00\xde\x10\x00\x3f\xc0\x0f\xb0\x00\x00\xec\x00\xfb\x00\x00\x0e\xc0\x0d\xe1\x00\x03\xfc\x00\x8f\xb3\x14\xdf\xc0\x01\xdf\xff\xfc\xdc" +
		"\x00\x02\xae\xea\x1c\xc0\x00\x00\x00\x00\xcc\x00\x00\x00\x00\x0c\xc0\x00\x00\x00\x00\xcc\x00\x00\x00\x00\x0c\xc0\x08\x0a\x07\x00\xf6\x05\xf4\x6d\xf6\x05\xfa\xff\xf6\x05\xff\x71\x00\x05\xf9\x00\x00\x05\xf5\x00\x00\x05\xf4\x00\x00\x05\xf4\x00\x00\x05\xf4\x00" +
		"\x00\x05\xf4\x00\x00\x05\xf4\x00\x00\x09\x0a\x09\x00\xf6\x00\x7d\xee\xb4\x00\x9f\xff\xff\xf0\x0d\xd3\x11\x4b\x00\xcb\x00\x00\x00\x04\xec\x85\x10\x00\x01\x48\xbe\x90\x00\x00\x00\x4f\x50\xc5\x20\x29\xf7\x0f\xff\xff\xfe\x20\x39\xdf\xda\x30\x07\x0d\x07\x00\xf3" +
		"\x05\xf4\x00\x00\x5f\x40\x00\x05\xf4\x00\x08\xff\xff\xf9\x8f\xff\xff\x90\x5f\x40\x00\x05\xf4\x00\x00\x5f\x40\x00\x05\xf4\x00\x00\x5f\x50\x00\x04\xf9\x10\x00\x1e\xff\xf9\x00\x5c\xff\x90\x0b\x0a\x0b\x00\xf6\x07\xf2\x00\x00\xdc\x00\x7f\x20\x00\x0d\xc0\x07\xf2" +
		"\x00\x00\xdc\x00\x7f\x20\x00\x0d\xc0\x07\xf2\x00\x00\xdc\x00\x7f\x20\x00\x0d\xc0\x06\xf4\x00\x02\xfc\x00\x3f\xc2\x13\xcf\xc0\x00\xcf\xff\xfc\xdc\x00\x02\xae\xe9\x1d\xc0\x0b\x0a\x0b\x00\xf6\x4f\x60\x00\x00\xce\x00\xec\x00\x00\x2f\x80\x08\xf2\x00\x08\xf3\x00" +
		"\x3f\x80\x00\xdc\x00\x00\xcd\x00\x4f\x70\x00\x07\xf4\x09\xf1\x00\x00\x1f\xa1\xeb\x00\x00\x00\xae\x6f\x50\x00\x00\x05\xfe\xe0\x00\x00\x00\x0e\xf9\x00\x00\x0f\x0a\x0f\x00\xf6\x2f\x80\x00\xbf\x70\x00\xcd\x00\xdb\x00\x0e\xfb\x00\x1f\x90\x09\xf1\x04\xfa\xe0\x05" +
		"\xf5\x00\x5f\x40\x8e\x3f\x30\x8f\x10\x01\xf8\x0b\xa0\xe7\x0c\xc0\x00\x0d\xc1\xf6\x0a\xb1\xf8\x00\x00\x9f\x5f\x20\x6f\x5f\x40\x00\x05\xfd\xd0\x02\xfd\xf1\x00\x00\x1f\xf9\x00\x0e\xfc\x00\x00\x00\xcf\x50\x00\xaf\x80\x00\x0b\x0a\x0b\x00\xf6\x0c\xe2\x00\x06\xf8" +
		"\x00\x2e\xc0\x03\xeb\x00\x00\x5f\x91\xce\x20\x00\x00\x9f\xcf\x50\x00\x00\x00\xdf\x90\x00\x00\x00\x3f\xfb\x00\x00\x00\x1d\xe7\xf8\x00\x00\x0a\xf4\x0a\xf4\x00\x06\xf8\x00\x1d\xd1\x02\xec\x00\x00\x3f\xa0\x0b\x0e\x0b\x00\xf6\x4f\x70\x00\x00\xcd\x00\xdd\x00\x00" +
		"\x3f\x70\x07\xf3\x00\x09\xf2\x00\x1f\x90\x01\xea\x00\x00\x9e\x10\x5f\x40\x00\x03\xf6\x0b\xd0\x00\x00\x0c\xc2\xf7\x00\x00\x00\x6f\xbf\x10\x00\x00\x01\xef\x90\x00\x00\x00\x09\xf3\x00\x00\x00\x00\xcc\x00\x00\x00\x00\x7f\x70\x00\x00\x09\xff\xe1\x00\x00\x00\x9f" +
		"\xd4\x00\x00\x00\x09\x0a\x09\x00\xf6\x0f\xff\xff\xff\xa0\xff\xff\xff\xf7\x00\x00\x00\x9a\x00\x00\x00\x8b\x00\x00\x00\x7c\x10\x00\x00\x5c\x10\x00\x00\x4d\x10\x00\x00\x3d\x20\x00\x00\x2e\xff\xff\xff\xa3\xff\xff\xff\xfa\x0b\x11\x0b\x00\xf2\x00\x00\x02\xae\xf3" +
		"\x00\x00\x00\xbf\xff\x30\x00\x00\x0e\xd2\x00\x00\x00\x00\xf9\x00\x00\x00\x00\x0f\x90\x00\x00\x00\x01\xf9\x00\x00\x00\x01\x8f\x70\x00\x00\x0b\xff\xb1\x00\x00\x00\xbf\xfa\x10\x00\x00\x00\x1a\xf6\x00\x00\x00\x00\x2f\x80\x00\x00\x00\x00\xf9\x00\x00\x00\x00\x0f" +
		"\x90\x00\x00\x00\x00\xfa\x00\x00\x00\x00\x0e\xd2\x00\x00\x00\x00\xaf\xff\x30\x00\x00\x02\xae\xf3\x00\x06\x12\x06\x00\xf2\x00\xbc\x00\x00\xbc\x00\x00\xbc\x00\x00\xbc\x00\x00\xbc\x00\x00\xbc\x00\x00\xbc\x00\x00\xbc\x00\x00\xbc\x00\x00\xbc\x00\x00\xbc\x00\x00" +
		"\xbc\x00\x00\xbc\x00\x00\xbc\x00\x00\xbc\x00\x00\xbc\x00\x00\xbc\x00\x00\xbc\x00\x0b\x11\x0b\x00\xf2\x00\xbe\xc6\x00\x00\x00\x0b\xff\xf2\x00\x00\x00\x01\x7f\x60\x00\x00\x00\x03\xf7\x00\x00\x00\x00\x2f\x70\x00\x00\x00\x02\xf7\x00\x00\x00\x00\x1f\xd2\x00\x00" +
		"\x00\x00\x6e\xff\x30\x00\x00\x05\xef\xf3\x00\x00\x00\xee\x40\x00\x00\x00\x2f\x80\x00\x00\x00\x02\xf7\x00\x00\x00\x00\x2f\x70\x00\x00\x00\x03\xf7\x00\x00\x00\x01\x8f\x50\x00\x00\x0b\xff\xf2\x00\x00\x00\xbf\xc5\x00\x00\x00\x8f\x09\x0f\x00\xf7\x00\x00\x01\x00" +
		"\x0a\x00\x11\x00\x1a\x00\x1e\x00\x1f\x00\x20\x00\x21\x00\x22\x00\x8e\x0d\x00\x19\xef\xc8\x41\x14\xc3\x80\x02\x01\xe0\xc7\x03\xfe\x20\x0c\x01\xd6\x11\x48\xce\xe9\x20\x81\x02\x00\x10\x8b\x8e\x8e\x8e\x8e",
}

var Bold18 = Font{first: 32, last: 126, lineHeight: 22,
	characters: "", pixelTop: -14, pixelBottom: 4,
	index: "\x00\x00\x00\x00\x00\x05\x00\x00\x3e\x00\x00\x7e\x00\x00\xe5\x00\x01\x59\x00\x01\xd3\x00\x02\x40\x00\x02\x6c\x00\x02\xb1\x00\x02\xf6\x00\x03\x3c\x00\x03\x97\x00\x03\xb1\x00\x03\xcf\x00\x03\xdf\x00\x04\x19\x00\x04\x73\x00\x04\xcd\x00\x05\x27\x00\x05\x81\x00" +
		"\x05\xdb\x00\x06\x35\x00\x06\x8f\x00\x06\xe9\x00\x07\x43\x00\x07\x9d\x00\x07\xc5\x00\x07\xf8\x00\x08\x50\x00\x08\x82\x00\x08\xda\x00\x09\x20\x00\x09\xb5\x00\x0a\x15\x00\x0a\x75\x00\x0a\xcf\x00\x0b\x36\x00\x0b\x89\x00\x0b\xdc\x00\x0c\x43\x00\x0c\xaa\x00\x0c" +
		"\xdd\x00\x0d\x2f\x00\x0d\x96\x00\x0d\xe3\x00\x0e\x5d\x00\x0e\xc4\x00\x0f\x2b\x00\x0f\x85\x00\x10\x02\x00\x10\x62\x00\x10\xbc\x00\x11\x16\x00\x11\x7d\x00\x11\xdd\x00\x12\x64\x00\x12\xc4\x00\x13\x2b\x00\x13\x85\x00\x13\xca\x00\x14\x04\x00\x14\x49\x00\x14\x99" +
		"\x00\x14\xac\x00\x14\xe8\x00\x15\x29\x00\x15\x89\x00\x15\xc5\x00\x16\x25\x00\x16\x66\x00\x16\xa3\x00\x17\x03\x00\x17\x63\x00\x17\x92\x00\x17\xd6\x00\x18\x36\x00\x18\x65\x00\x18\xc9\x00\x19\x0f\x00\x19\x50\x00\x19\xb0\x00\x1a\x10\x00\x1a\x42\x00\x1a\x7e\x00" +
		"\x1a\xbe\x00\x1b\x04\x00\x1b\x45\x00\x1b\x9f\x00\x1b\xe0\x00\x1c\x39\x00\x1c\x70\x00\x1c\xe4\x00\x1d\x28\x00\x1d\x9c",
	data: "\x06\x00\x06\x00\x00\x08\x0d\x08\x00\xf3\x00\x7f\xfa\x00\x00\x7f\xfa\x00\x00\x7f\xfa\x00\x00\x7f\xfa\x00\x00\x7f\xfa\x00\x00\x7f\xfa\x00\x00\x5f\xf8\x00\x00\x3f\xf6\x00\x00\x1f\xf4\x00\x00\x00\x00\x00\x00\x7f\xfa\x00\x00\x7f\xfa\x00\x00\x7f\xfa\x00\x09\x0d" +
		"\x09\x00\xf3\x04\xfc\x06\xfa\x00\x4f\xc0\x6f\xa0\x04\xfc\x06\xfa\x00\x4f\xc0\x6f\xa0\x04\xfc\x06\xfa\x00\x00\x00\x00\x00\x00\x00\x00\x00\x00\x00\x00\x00\x00\x00\x00\x00\x00\x00\x00\x00\x00\x00\x00\x00\x00\x00\x00\x00\x00\x00\x00\x00\x00\x00\x00\x00\x0f\x0d" +
		"\x0f\x00\xf3\x00\x00\x01\xfd\x00\xcf\x30\x00\x00\x00\x4f\xa0\x0e\xe0\x00\x00\x00\x07\xf7\x03\xfb\x00\x00\x00\x00\xaf\x40\x6f\x80\x00\x00\xcf\xff\xff\xff\xff\xfd\x00\x0c\xff\xff\xff\xff\xff\xd0\x00\x00\x7f\x80\x2f\xc0\x00\x00\x00\x0b\xf3\x07\xf8\x00\x00\x0c" +
		"\xff\xff\xff\xff\xff\xd0\x00\xcf\xff\xff\xff\xff\xfd\x00\x00\x07\xf7\x03\xfb\x00\x00\x00\x00\xbf\x30\x7f\x70\x00\x00\x00\x1f\xe0\x0b\xf3\x00\x00\x00\x0d\x11\x0d\x00\xf2\x00\x00\x07\xf0\x00\x00\x00\x00\x00\x7f\x00\x00\x00\x00\x17\xbe\xfd\xa5\x10\x00\x1c\xff" +
		"\xff\xff\xf8\x00\x06\xff\x87\xf1\x49\x70\x00\x9f\xf4\x7f\x00\x00\x00\x07\xff\xdb\xf2\x00\x00\x00\x2e\xff\xff\xfd\x81\x00\x00\x3b\xff\xff\xff\xb0\x00\x00\x01\x9f\xaf\xff\x20\x00\x00\x07\xf0\x9f\xf4\x00\x89\x42\x7f\x1b\xff\x20\x09\xff\xff\xff\xff\xa0\x00\x16" +
		"\xad\xff\xeb\x60\x00\x00\x00\x07\xf0\x00\x00\x00\x00\x00\x7f\x00\x00\x00\x00\x00\x07\xf0\x00\x00\x00\x12\x0d\x12\x00\xf3\x02\xae\xeb\x30\x00\x03\xfc\x00\x00\x0c\xf5\x3e\xe1\x00\x0c\xf3\x00\x00\x4f\xd0\x0b\xf6\x00\x7f\x80\x00\x00\x6f\xc0\x09\xf8\x02\xed\x00" +
		"\x00\x00\x4f\xd0\x0b\xf6\x0a\xf4\x00\x00\x00\x0c\xf5\x3e\xe1\x5f\x90\x00\x00\x00\x02\xae\xeb\x31\xde\x13\xbe\xea\x20\x00\x00\x00\x09\xf5\x1e\xf3\x4f\xd0\x00\x00\x00\x3f\xb0\x6f\xb0\x0d\xf5\x00\x00\x00\xce\x20\x8f\xa0\x0c\xf6\x00\x00\x07\xf7\x00\x6f\xb0\x0d" +
		"\xf5\x00\x00\x2e\xc0\x00\x1e\xf3\x4f\xd0\x00\x00\xbf\x30\x00\x03\xbe\xea\x20\x10\x0d\x10\x00\xf3\x00\x00\x5c\xee\xc7\x10\x00\x00\x00\x08\xff\xff\xff\x90\x00\x00\x00\x0e\xff\x60\x27\x70\x00\x00\x00\x0d\xff\x60\x00\x00\x00\x00\x00\x07\xff\xe3\x00\x00\x00\x00" +
		"\x00\x5e\xff\xfe\x30\x07\xff\x40\x04\xff\xea\xff\xe2\x0a\xff\x20\x0b\xff\x50\xbf\xfd\x3e\xfd\x00\x0d\xff\x20\x1c\xff\xff\xf7\x00\x0d\xff\x60\x01\xdf\xff\xc0\x00\x08\xff\xe5\x12\xaf\xff\xa0\x00\x01\xbf\xff\xff\xff\xff\xf9\x00\x00\x06\xce\xfd\xb5\x4f\xff\x70" +
		"\x06\x0d\x06\x00\xf3\x04\xfc\x00\x04\xfc\x00\x04\xfc\x00\x04\xfc\x00\x04\xfc\x00\x00\x00\x00\x00\x00\x00\x00\x00\x00\x00\x00\x00\x00\x00\x00\x00\x00\x00\x00\x00\x00\x00\x00\x00\x08\x10\x08\x00\xf2\x00\x02\xff\x80\x00\x0a\xff\x10\x00\x2f\xfa\x00\x00\x8f\xf4" +
		"\x00\x00\xef\xf0\x00\x02\xff\xc0\x00\x05\xff\xa0\x00\x06\xff\x80\x00\x06\xff\x90\x00\x05\xff\xa0\x00\x02\xff\xc0\x00\x00\xef\xf0\x00\x00\x8f\xf4\x00\x00\x2f\xfa\x00\x00\x0a\xff\x10\x00\x02\xff\x80\x08\x10\x08\x00\xf2\x05\xff\x50\x00\x00\xdf\xd0\x00\x00\x6f" +
		"\xf6\x00\x00\x1f\xfc\x00\x00\x0c\xff\x20\x00\x09\xff\x60\x00\x06\xff\x80\x00\x05\xff\xa0\x00\x05\xff\xa0\x00\x06\xff\x80\x00\x09\xff\x60\x00\x0c\xff\x20\x00\x1f\xfc\x00\x00\x6f\xf6\x00\x00\xdf\xd0\x00\x05\xff\x50\x00\x0a\x0d\x09\x00\xf3\x00\x00\xf7\x00\x00" +
		"\x3b\x20\xf7\x07\x90\x5e\xf8\xfa\xdf\xa0\x01\x8f\xff\xc3\x00\x01\x8f\xff\xc3\x00\x5e\xf8\xfa\xdf\xa0\x3b\x20\xf7\x07\x90\x00\x00\xf7\x00\x00\x00\x00\x00\x00\x00\x00\x00\x00\x00\x00\x00\x00\x00\x00\x00\x00\x00\x00\x00\x00\x00\x00\x00\x00\x00\x8f\x0c\x0f\x00" +
		"\xf4\x00\x00\x05\x00\x0a\x00\x0f\x00\x14\x00\x19\x00\x1e\x00\x23\x00\x28\x00\x2d\x00\x32\x00\x37\x00\x3c\x00\x84\x03\x08\xf9\x85\x84\x03\x08\xf9\x85\x84\x03\x08\xf9\x85\x84\x03\x08\xf9\x85\x84\x03\x08\xf9\x85\x01\x01\xca\x01\x30\x01\x01\xca\x01\x30\x84\x03" +
		"\x08\xf9\x85\x84\x03\x08\xf9\x85\x84\x03\x08\xf9\x85\x84\x03\x08\xf9\x85\x84\x03\x08\xf9\x85\x07\x06\x07\x00\xfd\x02\xff\xf0\x00\x2f\xff\x00\x03\xff\xf0\x00\x6f\xf7\x00\x0a\xfc\x00\x00\xef\x30\x00\x07\x07\x07\x00\xf9\x0f\xff\xff\x80\xff\xff\xf8\x0f\xff\xff" +
		"\x80\x00\x00\x00\x00\x00\x00\x00\x00\x00\x00\x00\x00\x00\x00\x07\x03\x07\x00\xfd\x02\xff\xf0\x00\x2f\xff\x00\x02\xff\xf0\x00\x07\x0f\x07\x00\xf3\x00\x00\x8f\x60\x00\x0d\xf2\x00\x02\xfc\x00\x00\x7f\x70\x00\x0b\xf3\x00\x01\xfd\x00\x00\x6f\x80\x00\x0a\xf4\x00" +
		"\x01\xee\x00\x00\x5f\xa0\x00\x09\xf5\x00\x00\xef\x10\x00\x3f\xb0\x00\x08\xf6\x00\x00\xdf\x10\x00\x00\x0d\x0d\x0d\x00\xf3\x00\x05\xbe\xfd\x81\x00\x00\x08\xff\xff\xff\xd2\x00\x04\xff\xe3\x19\xff\xb0\x00\xaf\xf8\x00\x1f\xff\x30\x0e\xff\x50\x00\xdf\xf7\x01\xff" +
		"\xf4\x00\x0b\xff\x90\x2f\xff\x40\x00\xbf\xfa\x01\xff\xf4\x00\x0b\xff\x90\x0e\xff\x50\x00\xdf\xf7\x00\xaf\xf8\x00\x1f\xff\x30\x04\xff\xe3\x19\xff\xb0\x00\x08\xff\xff\xff\xd2\x00\x00\x05\xbe\xfd\x81\x00\x00\x0d\x0d\x0d\x00\xf3\x00\x27\xcf\xff\x40\x00\x00\x0f" +
		"\xff\xff\xf4\x00\x00\x00\xc8\x3e\xff\x40\x00\x00\x00\x00\xef\xf4\x00\x00\x00\x00\x0e\xff\x40\x00\x00\x00\x00\xef\xf4\x00\x00\x00\x00\x0e\xff\x40\x00\x00\x00\x00\xef\xf4\x00\x00\x00\x00\x0e\xff\x40\x00\x00\x00\x00\xef\xf4\x00\x00\x00\x00\x0e\xff\x40\x00\x00" +
		"\x0d\xff\xff\xff\xff\x40\x00\xdf\xff\xff\xff\xf4\x00\x0d\x0d\x0d\x00\xf3\x01\x5a\xdf\xed\x81\x00\x00\x8f\xff\xff\xff\xd1\x00\x08\xf8\x21\x6f\xff\x90\x00\x63\x00\x00\xbf\xfc\x00\x00\x00\x00\x09\xff\xc0\x00\x00\x00\x00\xcf\xf8\x00\x00\x00\x00\x7f\xfe\x10\x00" +
		"\x00\x00\x7f\xfe\x30\x00\x00\x00\x9f\xfe\x30\x00\x00\x01\xbf\xfc\x20\x00\x00\x02\xdf\xfb\x10\x00\x00\x00\x9f\xff\xff\xff\xfe\x00\x09\xff\xff\xff\xff\xe0\x00\x0d\x0d\x0d\x00\xf3\x00\x4a\xdf\xed\xa3\x00\x00\x4f\xff\xff\xff\xf4\x00\x03\xa4\x11\x4e\xff\xb0\x00" +
		"\x00\x00\x00\xaf\xfb\x00\x00\x00\x01\x4e\xff\x50\x00\x00\x8f\xff\xfd\x40\x00\x00\x08\xff\xff\xfc\x20\x00\x00\x00\x15\xef\xfb\x00\x00\x00\x00\x06\xff\xf0\x00\x00\x00\x00\x6f\xff\x10\x0a\x73\x11\x5e\xff\xc0\x00\xcf\xff\xff\xff\xe3\x00\x02\x7c\xef\xec\x81\x00" +
		"\x00\x0d\x0d\x0d\x00\xf3\x00\x00\x04\xff\xfc\x00\x00\x00\x01\xef\xff\xc0\x00\x00\x00\xbf\xff\xfc\x00\x00\x00\x7f\xe7\xff\xc0\x00\x00\x3f\xf5\x6f\xfc\x00\x00\x1d\xfa\x06\xff\xc0\x00\x09\xfd\x10\x6f\xfc\x00\x02\xff\x40\x06\xff\xc0\x00\x3f\xff\xff\xff\xff\xfb" +
		"\x03\xff\xff\xff\xff\xff\xb0\x00\x00\x00\x6f\xfc\x00\x00\x00\x00\x06\xff\xc0\x00\x00\x00\x00\x6f\xfc\x00\x00\x0d\x0d\x0d\x00\xf3\x01\xff\xff\xff\xff\x50\x00\x1f\xff\xff\xff\xf5\x00\x01\xff\x90\x00\x00\x00\x00\x1f\xf9\x00\x00\x00\x00\x01\xff\xee\xfd\x92\x00" +
		"\x00\x1f\xff\xff\xff\xe3\x00\x01\xb5\x21\x4d\xff\xd0\x00\x00\x00\x00\x5f\xff\x20\x00\x00\x00\x02\xff\xf4\x00\x00\x00\x00\x5f\xff\x20\x08\x94\x11\x4d\xff\xc0\x00\x9f\xff\xff\xff\xe3\x00\x01\x6b\xdf\xec\x81\x00\x00\x0d\x0d\x0d\x00\xf3\x00\x00\x7c\xee\xc8\x20" +
		"\x00\x01\xcf\xff\xff\xfb\x00\x00\xcf\xfa\x31\x26\x90\x00\x5f\xfb\x00\x00\x00\x00\x09\xff\xab\xef\xc6\x00\x00\xcf\xff\xff\xff\xf9\x00\x0d\xff\xf6\x16\xff\xf3\x00\xdf\xfd\x00\x0d\xff\x70\x0b\xff\xb0\x00\xbf\xf8\x00\x7f\xfd\x00\x0d\xff\x60\x01\xef\xf6\x16\xff" +
		"\xe1\x00\x05\xff\xff\xff\xf5\x00\x00\x03\xae\xfe\xa3\x00\x00\x0d\x0d\x0d\x00\xf3\x0c\xff\xff\xff\xff\xf1\x00\xcf\xff\xff\xff\xff\x10\x00\x00\x00\x0a\xff\xc0\x00\x00\x00\x02\xff\xf5\x00\x00\x00\x00\x9f\xfd\x00\x00\x00\x00\x1e\xff\x60\x00\x00\x00\x07\xff\xe1" +
		"\x00\x00\x00\x00\xdf\xf8\x00\x00\x00\x00\x5f\xff\x10\x00\x00\x00\x0c\xff\x90\x00\x00\x00\x03\xff\xf2\x00\x00\x00\x00\xaf\xfa\x00\x00\x00\x00\x2f\xff\x30\x00\x00\x00\x0d\x0d\x0d\x00\xf3\x00\x29\xde\xfe\xb6\x00\x00\x2e\xff\xff\xff\xf8\x00\x08\xff\xd3\x18\xff" +
		"\xf1\x00\x8f\xfa\x00\x2f\xff\x10\x04\xff\xd3\x18\xff\xb0\x00\x05\xdf\xff\xff\x91\x00\x00\x7e\xff\xff\xfb\x20\x00\x7f\xfc\x21\x7f\xfd\x10\x0c\xff\x60\x00\xdf\xf5\x00\xdf\xf6\x00\x0d\xff\x60\x0a\xff\xc2\x17\xff\xf3\x00\x3e\xff\xff\xff\xf9\x00\x00\x29\xde\xfe" +
		"\xb6\x00\x00\x0d\x0d\x0d\x00\xf3\x00\x17\xce\xec\x70\x00\x00\x1c\xff\xff\xff\xb0\x00\x08\xff\xc2\x2c\xff\x80\x00\xef\xf5\x00\x6f\xfe\x00\x1f\xff\x30\x04\xff\xf3\x00\xff\xf5\x00\x5f\xff\x50\x0b\xff\xc2\x2c\xff\xf5\x00\x2e\xff\xff\xff\xff\x40\x00\x2a\xef\xd8" +
		"\xef\xf2\x00\x00\x00\x00\x4f\xfc\x00\x03\xa4\x11\x5e\xff\x40\x00\x3f\xff\xff\xff\x60\x00\x00\x5b\xef\xd9\x30\x00\x00\x07\x0a\x07\x00\xf6\x00\xff\xf3\x00\x0f\xff\x30\x00\xff\xf3\x00\x00\x00\x00\x00\x00\x00\x00\x00\x00\x00\x00\x00\x00\x00\x0f\xff\x30\x00\xff" +
		"\xf3\x00\x0f\xff\x30\x07\x0d\x07\x00\xf6\x00\xff\xf3\x00\x0f\xff\x30\x00\xff\xf3\x00\x00\x00\x00\x00\x00\x00\x00\x00\x00\x00\x00\x00\x00\x00\x0f\xff\x30\x00\xff\xf3\x00\x0f\xff\x20\x03\xff\xa0\x00\x7f\xe1\x00\x0b\xf5\x00\x00\x0f\x0b\x0f\x00\xf5\x00\x00\x00" +
		"\x00\x00\x16\xb2\x00\x00\x00\x00\x15\xbf\xff\x30\x00\x00\x04\xae\xff\xfb\x60\x00\x03\x9e\xff\xfb\x61\x00\x00\x01\xff\xfb\x61\x00\x00\x00\x00\x1f\xff\xb6\x10\x00\x00\x00\x00\x39\xef\xff\xb6\x10\x00\x00\x00\x00\x4a\xef\xff\xb6\x00\x00\x00\x00\x01\x5b\xff\xf3" +
		"\x00\x00\x00\x00\x00\x01\x6b\x20\x00\x00\x00\x00\x00\x00\x00\x00\x8f\x09\x0f\x00\xf7\x00\x00\x05\x00\x0a\x00\x0b\x00\x0c\x00\x11\x00\x16\x00\x17\x00\x18\x00\x19\x00\x01\x01\xca\x01\x30\x01\x01\xca\x01\x30\x8e\x8e\x01\x01\xca\x01\x30\x01\x01\xca\x01\x30\x8e" +
		"\x8e\x8e\x0f\x0b\x0f\x00\xf5\x01\xc7\x10\x00\x00\x00\x00\x00\x1f\xff\xb6\x10\x00\x00\x00\x00\x5a\xff\xff\xa5\x00\x00\x00\x00\x01\x6b\xff\xfe\x94\x00\x00\x00\x00\x01\x6b\xff\xf3\x00\x00\x00\x00\x15\xaf\xff\x30\x00\x00\x15\xaf\xff\xe9\x40\x00\x05\xaf\xff\xfa" +
		"\x50\x00\x00\x01\xff\xfb\x61\x00\x00\x00\x00\x1c\x71\x00\x00\x00\x00\x00\x00\x00\x00\x00\x00\x00\x00\x00\x0a\x0d\x0a\x00\xf3\x02\x8c\xee\xc7\x10\x0c\xff\xff\xff\xb0\x0a\x72\x15\xff\xf2\x00\x00\x00\xff\xf4\x00\x00\x06\xff\xf1\x00\x00\x5f\xff\x70\x00\x04\xff" +
		"\xf8\x00\x00\x0c\xff\x90\x00\x00\x0e\xff\x40\x00\x00\x00\x00\x00\x00\x00\x0e\xff\x40\x00\x00\x0e\xff\x40\x00\x00\x0e\xff\x40\x00\x12\x10\x12\x00\xf3\x00\x00\x02\x8c\xee\xda\x40\x00\x00\x00\x00\x7f\xff\xff\xff\xfb\x20\x00\x00\x0a\xff\x94\x10\x26\xdf\xd2\x00" +
		"\x00\x7f\xd2\x00\x00\x00\x08\xfb\x00\x01\xee\x20\x3b\xfc\x4f\xb0\xaf\x40\x06\xf6\x01\xef\xff\xef\xb0\x3f\x80\x0a\xf1\x07\xfc\x22\xcf\xb0\x0e\xa0\x0c\xd0\x09\xf6\x00\x5f\xb0\x0f\xa0\x0c\xd0\x0a\xf6\x00\x5f\xb0\x4f\x80\x0a\xf1\x07\xfc\x22\xcf\xb4\xdf\x20\x06" +
		"\xf6\x01\xef\xff\xef\xff\xf6\x00\x01\xed\x10\x3c\xfc\x4f\xda\x30\x00\x00\x7f\xc2\x00\x00\x00\x57\x00\x00\x00\x0a\xfe\x83\x11\x4a\xfe\x00\x00\x00\x00\x8f\xff\xff\xff\xe6\x00\x00\x00\x00\x02\x8c\xee\xc8\x10\x00\x00\x0e\x0d\x0e\x00\xf3\x00\x00\x4f\xff\xf3\x00" +
		"\x00\x00\x00\x9f\xff\xf8\x00\x00\x00\x01\xef\xff\xfe\x00\x00\x00\x05\xff\xcd\xff\x40\x00\x00\x0b\xff\x67\xff\xa0\x00\x00\x2f\xff\x12\xff\xf1\x00\x00\x7f\xfb\x00\xcf\xf6\x00\x00\xdf\xf5\x00\x6f\xfc\x00\x03\xff\xff\xff\xff\xff\x20\x09\xff\xff\xff\xff\xff\x80" +
		"\x0e\xff\x30\x00\x04\xff\xd0\x5f\xfe\x00\x00\x00\xef\xf4\xbf\xf9\x00\x00\x00\xbf\xfa\x0e\x0d\x0e\x00\xf3\x05\xff\xff\xff\xda\x40\x00\x05\xff\xff\xff\xff\xf6\x00\x05\xff\xf0\x02\xcf\xfc\x00\x05\xff\xf0\x00\x8f\xfd\x00\x05\xff\xf0\x02\xcf\xfa\x00\x05\xff\xff" +
		"\xff\xff\xb1\x00\x05\xff\xff\xff\xff\xe5\x00\x05\xff\xf0\x01\x8f\xfe\x10\x05\xff\xf0\x00\x0f\xff\x50\x05\xff\xf0\x00\x0f\xff\x60\x05\xff\xf0\x01\x8f\xff\x40\x05\xff\xff\xff\xff\xfa\x00\x05\xff\xff\xff\xeb\x60\x00\x0d\x0d\x0d\x00\xf3\x00\x00\x5a\xde\xed\xa6" +
		"\x00\x01\xbf\xff\xff\xff\xf1\x01\xcf\xfe\x61\x12\x5b\x10\x7f\xff\x40\x00\x00\x00\x0c\xff\xb0\x00\x00\x00\x00\xff\xf7\x00\x00\x00\x00\x1f\xff\x60\x00\x00\x00\x00\xff\xf7\x00\x00\x00\x00\x0c\xff\xb0\x00\x00\x00\x00\x7f\xff\x30\x00\x00\x00\x01\xcf\xfe\x61\x02" +
		"\x5b\x10\x01\xbf\xff\xff\xff\xf1\x00\x00\x5a\xdf\xed\xa6\x00\x0f\x0d\x0f\x00\xf3\x05\xff\xff\xfe\xc9\x30\x00\x00\x5f\xff\xff\xff\xff\xa1\x00\x05\xff\xf0\x02\x8f\xff\xb0\x00\x5f\xff\x00\x00\x5f\xff\x50\x05\xff\xf0\x00\x00\xcf\xfb\x00\x5f\xff\x00\x00\x09\xff" +
		"\xe0\x05\xff\xf0\x00\x00\x8f\xff\x00\x5f\xff\x00\x00\x09\xff\xe0\x05\xff\xf0\x00\x00\xcf\xfb\x00\x5f\xff\x00\x00\x5f\xff\x50\x05\xff\xf0\x02\x8f\xff\xb0\x00\x5f\xff\xff\xff\xff\xa1\x00\x05\xff\xff\xfe\xc9\x30\x00\x00\x0c\x0d\x0c\x00\xf3\x05\xff\xff\xff\xff" +
		"\xc0\x05\xff\xff\xff\xff\xc0\x05\xff\xf0\x00\x00\x00\x05\xff\xf0\x00\x00\x00\x05\xff\xf0\x00\x00\x00\x05\xff\xff\xff\xff\x70\x05\xff\xff\xff\xff\x70\x05\xff\xf0\x00\x00\x00\x05\xff\xf0\x00\x00\x00\x05\xff\xf0\x00\x00\x00\x05\xff\xf0\x00\x00\x00\x05\xff\xff" +
		"\xff\xff\xf0\x05\xff\xff\xff\xff\xf0\x0c\x0d\x0c\x00\xf3\x05\xff\xff\xff\xff\xc0\x05\xff\xff\xff\xff\xc0\x05\xff\xf0\x00\x00\x00\x05\xff\xf0\x00\x00\x00\x05\xff\xf0\x00\x00\x00\x05\xff\xff\xff\xff\x70\x05\xff\xff\xff\xff\x70\x05\xff\xf0\x00\x00\x00\x05\xff" +
		"\xf0\x00\x00\x00\x05\xff\xf0\x00\x00\x00\x05\xff\xf0\x00\x00\x00\x05\xff\xf0\x00\x00\x00\x05\xff\xf0\x00\x00\x00\x0f\x0d\x0f\x00\xf3\x00\x00\x4a\xde\xfd\xc9\x50\x00\x01\xbf\xff\xff\xff\xff\x00\x00\xcf\xfe\x72\x02\x37\xc0\x00\x7f\xff\x40\x00\x00\x00\x00\x0c" +
		"\xff\xb0\x00\x00\x00\x00\x00\xff\xf7\x00\x00\x00\x00\x00\x1f\xff\x60\x00\xcf\xff\xf7\x00\xff\xf7\x00\x0c\xff\xff\x70\x0c\xff\xb0\x00\x00\xcf\xf7\x00\x7f\xff\x30\x00\x0c\xff\x70\x01\xcf\xfe\x61\x02\xcf\xf7\x00\x01\xbf\xff\xff\xff\xff\x70\x00\x00\x5a\xdf\xed" +
		"\xc8\x40\x00\x0f\x0d\x0f\x00\xf3\x05\xff\xf0\x00\x00\xff\xf6\x00\x5f\xff\x00\x00\x0f\xff\x60\x05\xff\xf0\x00\x00\xff\xf6\x00\x5f\xff\x00\x00\x0f\xff\x60\x05\xff\xf0\x00\x00\xff\xf6\x00\x5f\xff\xff\xff\xff\xff\x60\x05\xff\xff\xff\xff\xff\xf6\x00\x5f\xff\x00" +
		"\x00\x0f\xff\x60\x05\xff\xf0\x00\x00\xff\xf6\x00\x5f\xff\x00\x00\x0f\xff\x60\x05\xff\xf0\x00\x00\xff\xf6\x00\x5f\xff\x00\x00\x0f\xff\x60\x05\xff\xf0\x00\x00\xff\xf6\x00\x07\x0d\x07\x00\xf3\x05\xff\xf0\x00\x5f\xff\x00\x05\xff\xf0\x00\x5f\xff\x00\x05\xff\xf0" +
		"\x00\x5f\xff\x00\x05\xff\xf0\x00\x5f\xff\x00\x05\xff\xf0\x00\x5f\xff\x00\x05\xff\xf0\x00\x5f\xff\x00\x05\xff\xf0\x00\x09\x11\x07\xfe\xf3\x00\x05\xff\xf0\x00\x00\x5f\xff\x00\x00\x05\xff\xf0\x00\x00\x5f\xff\x00\x00\x05\xff\xf0\x00\x00\x5f\xff\x00\x00\x05\xff" +
		"\xf0\x00\x00\x5f\xff\x00\x00\x05\xff\xf0\x00\x00\x5f\xff\x00\x00\x05\xff\xf0\x00\x00\x5f\xff\x00\x00\x05\xff\xf0\x00\x00\x7f\xfe\x00\x00\x4e\xff\xa0\x00\xff\xff\xe2\x00\x0f\xec\x81\x00\x00\x0f\x0d\x0e\x00\xf3\x05\xff\xf0\x00\x09\xff\xf5\x00\x5f\xff\x00\x09" +
		"\xff\xf5\x00\x05\xff\xf0\x0a\xff\xf5\x00\x00\x5f\xff\x1a\xff\xf4\x00\x00\x05\xff\xfb\xff\xe4\x00\x00\x00\x5f\xff\xff\xe4\x00\x00\x00\x05\xff\xff\xfc\x10\x00\x00\x00\x5f\xff\xff\xfc\x10\x00\x00\x05\xff\xf6\xff\xfc\x10\x00\x00\x5f\xff\x05\xff\xfd\x10\x00\x05" +
		"\xff\xf0\x05\xff\xfd\x20\x00\x5f\xff\x00\x04\xff\xfd\x20\x05\xff\xf0\x00\x04\xff\xfd\x20\x0b\x0d\x0b\x00\xf3\x05\xff\xf0\x00\x00\x00\x5f\xff\x00\x00\x00\x05\xff\xf0\x00\x00\x00\x5f\xff\x00\x00\x00\x05\xff\xf0\x00\x00\x00\x5f\xff\x00\x00\x00\x05\xff\xf0\x00" +
		"\x00\x00\x5f\xff\x00\x00\x00\x05\xff\xf0\x00\x00\x00\x5f\xff\x00\x00\x00\x05\xff\xf0\x00\x00\x00\x5f\xff\xff\xff\xff\x05\xff\xff\xff\xff\xf0\x12\x0d\x12\x00\xf3\x05\xff\xff\x30\x00\x04\xff\xff\x40\x05\xff\xff\x90\x00\x0b\xff\xff\x40\x05\xff\xff\xf2\x00\x3f" +
		"\xff\xff\x40\x05\xff\xef\xf8\x00\xaf\xef\xff\x40\x05\xff\xd9\xfe\x12\xff\x8e\xff\x40\x05\xff\xd2\xff\x78\xff\x1e\xff\x40\x05\xff\xd0\xbf\xde\xf9\x0e\xff\x40\x05\xff\xd0\x4f\xff\xf2\x0e\xff\x40\x05\xff\xd0\x0c\xff\xb0\x0e\xff\x40\x05\xff\xd0\x05\xff\x40\x0e" +
		"\xff\x40\x05\xff\xd0\x00\x00\x00\x0e\xff\x40\x05\xff\xd0\x00\x00\x00\x0e\xff\x40\x05\xff\xd0\x00\x00\x00\x0e\xff\x40\x0f\x0d\x0f\x00\xf3\x05\xff\xfb\x00\x00\xcf\xf6\x00\x5f\xff\xf4\x00\x0c\xff\x60\x05\xff\xff\xc0\x00\xcf\xf6\x00\x5f\xff\xff\x50\x0c\xff\x60" +
		"\x05\xff\xdd\xfc\x00\xcf\xf6\x00\x5f\xfd\x6f\xf6\x0c\xff\x60\x05\xff\xd0\xdf\xd0\xcf\xf6\x00\x5f\xfd\x05\xff\x7c\xff\x60\x05\xff\xd0\x0c\xfe\xdf\xf6\x00\x5f\xfd\x00\x4f\xff\xff\x60\x05\xff\xd0\x00\xbf\xff\xf6\x00\x5f\xfd\x00\x03\xff\xff\x60\x05\xff\xd0\x00" +
		"\x09\xff\xf6\x00\x0f\x0d\x0f\x00\xf3\x00\x00\x6b\xef\xec\x82\x00\x00\x02\xdf\xff\xff\xff\xe5\x00\x01\xdf\xfc\x30\x2a\xff\xf3\x00\x8f\xff\x20\x00\x0c\xff\xc0\x0d\xff\xa0\x00\x00\x6f\xff\x20\xff\xf8\x00\x00\x03\xff\xf5\x1f\xff\x60\x00\x00\x2f\xff\x60\xff\xf8" +
		"\x00\x00\x03\xff\xf5\x0d\xff\xa0\x00\x00\x6f\xff\x20\x8f\xff\x20\x00\x0c\xff\xc0\x01\xdf\xfc\x30\x2a\xff\xf4\x00\x02\xdf\xff\xff\xff\xe5\x00\x00\x01\x6b\xef\xec\x82\x00\x00\x0d\x0d\x0d\x00\xf3\x05\xff\xff\xff\xda\x30\x00\x5f\xff\xff\xff\xff\x60\x05\xff\xf0" +
		"\x02\xbf\xfe\x10\x5f\xff\x00\x03\xff\xf5\x05\xff\xf0\x00\x1f\xff\x60\x5f\xff\x00\x03\xff\xf5\x05\xff\xf0\x02\xbf\xfe\x10\x5f\xff\xff\xff\xff\x60\x05\xff\xff\xff\xea\x40\x00\x5f\xff\x00\x00\x00\x00\x05\xff\xf0\x00\x00\x00\x00\x5f\xff\x00\x00\x00\x00\x05\xff" +
		"\xf0\x00\x00\x00\x00\x0f\x10\x0f\x00\xf3\x00\x00\x6b\xef\xec\x82\x00\x00\x02\xdf\xff\xff\xff\xe5\x00\x01\xdf\xfc\x30\x2a\xff\xf4\x00\x8f\xff\x20\x00\x0c\xff\xc0\x0d\xff\xa0\x00\x00\x6f\xff\x20\xff\xf8\x00\x00\x03\xff\xf5\x1f\xff\x60\x00\x00\x2f\xff\x51\xff" +
		"\xf7\x00\x00\x03\xff\xf4\x0d\xff\xa0\x00\x00\x6f\xff\x20\x8f\xfe\x10\x00\x0c\xff\xb0\x01\xdf\xfc\x30\x2a\xff\xf3\x00\x02\xdf\xff\xff\xff\xe5\x00\x00\x01\x6b\xef\xff\xe2\x00\x00\x00\x00\x00\x09\xff\x70\x00\x00\x00\x00\x00\x1d\xff\x40\x00\x00\x00\x00\x00\x3f" +
		"\xfe\x10\x0e\x0d\x0e\x00\xf3\x05\xff\xff\xff\xda\x30\x00\x05\xff\xff\xff\xff\xf3\x00\x05\xff\xf0\x03\xef\xfa\x00\x05\xff\xf0\x00\x9f\xfc\x00\x05\xff\xf0\x00\x9f\xfb\x00\x05\xff\xf0\x03\xef\xf5\x00\x05\xff\xff\xff\xfd\x60\x00\x05\xff\xff\xff\xfe\x50\x00\x05" +
		"\xff\xf0\x19\xff\xf3\x00\x05\xff\xf0\x00\xcf\xfc\x00\x05\xff\xf0\x00\x5f\xff\x40\x05\xff\xf0\x00\x0d\xff\xb0\x05\xff\xf0\x00\x05\xff\xf4\x0d\x0d\x0d\x00\xf3\x00\x17\xce\xfe\xda\x60\x00\x0c\xff\xff\xff\xfc\x00\x06\xff\xc3\x01\x48\xa0\x00\xaf\xf6\x00\x00\x00" +
		"\x00\x0a\xff\xd5\x10\x00\x00\x00\x6f\xff\xff\xc9\x40\x00\x00\xbf\xff\xff\xff\xa0\x00\x00\x6b\xff\xff\xff\x50\x00\x00\x00\x48\xff\xf9\x00\x00\x00\x00\x0a\xff\x90\x08\xa5\x31\x14\xef\xf6\x00\x9f\xff\xff\xff\xfc\x00\x03\x7b\xde\xfe\xc7\x10\x00\x0d\x0d\x0c\x00" +
		"\xf3\xef\xff\xff\xff\xff\xff\x3e\xff\xff\xff\xff\xff\xf3\x00\x00\x8f\xfc\x00\x00\x00\x00\x08\xff\xc0\x00\x00\x00\x00\x8f\xfc\x00\x00\x00\x00\x08\xff\xc0\x00\x00\x00\x00\x8f\xfc\x00\x00\x00\x00\x08\xff\xc0\x00\x00\x00\x00\x8f\xfc\x00\x00\x00\x00\x08\xff\xc0" +
		"\x00\x00\x00\x00\x8f\xfc\x00\x00\x00\x00\x08\xff\xc0\x00\x00\x00\x00\x8f\xfc\x00\x00\x00\x0f\x0d\x0f\x00\xf3\x05\xff\xf0\x00\x06\xff\xf0\x00\x5f\xff\x00\x00\x6f\xff\x00\x05\xff\xf0\x00\x06\xff\xf0\x00\x5f\xff\x00\x00\x6f\xff\x00\x05\xff\xf0\x00\x06\xff\xf0" +
		"\x00\x5f\xff\x00\x00\x6f\xff\x00\x05\xff\xf0\x00\x06\xff\xf0\x00\x5f\xff\x00\x00\x6f\xff\x00\x05\xff\xf1\x00\x07\xff\xe0\x00\x2f\xff\x40\x00\xaf\xfc\x00\x00\xcf\xfc\x21\x5f\xff\x70\x00\x03\xef\xff\xff\xff\xb0\x00\x00\x02\x8c\xef\xeb\x60\x00\x00\x0e\x0d\x0e" +
		"\x00\xf3\xbf\xfa\x00\x00\x00\xbf\xfa\x5f\xff\x10\x00\x02\xff\xf4\x0e\xff\x60\x00\x07\xff\xd0\x09\xff\xb0\x00\x0c\xff\x80\x03\xff\xf2\x00\x3f\xff\x20\x00\xdf\xf7\x00\x8f\xfc\x00\x00\x7f\xfd\x00\xef\xf6\x00\x00\x2f\xff\x34\xff\xf1\x00\x00\x0b\xff\x9a\xff\xa0" +
		"\x00\x00\x05\xff\xee\xff\x40\x00\x00\x01\xef\xff\xfe\x00\x00\x00\x00\x9f\xff\xf8\x00\x00\x00\x00\x4f\xff\xf3\x00\x00\x14\x0d\x14\x00\xf3\x5f\xfd\x00\x00\xcf\xfa\x00\x01\xff\xf3\x2f\xff\x20\x01\xff\xfe\x00\x04\xff\xe0\x0d\xff\x60\x04\xff\xff\x20\x08\xff\xb0" +
		"\x09\xff\x90\x08\xfd\xef\x60\x0b\xff\x70\x06\xff\xd0\x0c\xf9\xbf\x90\x0f\xff\x30\x02\xff\xf1\x1f\xf5\x8f\xd0\x4f\xfe\x00\x00\xef\xf5\x4f\xf2\x4f\xf2\x7f\xfb\x00\x00\xaf\xf9\x7f\xd0\x1f\xf5\xbf\xf8\x00\x00\x6f\xfc\xbf\xa0\x0c\xf9\xef\xf4\x00\x00\x3f\xff\xef" +
		"\x60\x08\xfe\xff\xf1\x00\x00\x0e\xff\xff\x20\x05\xff\xff\xc0\x00\x00\x0b\xff\xfe\x00\x01\xff\xff\x80\x00\x00\x07\xff\xfa\x00\x00\xcf\xff\x50\x00\x0e\x0d\x0e\x00\xf3\x3f\xff\x60\x00\x08\xff\xe1\x07\xff\xe2\x00\x4f\xff\x50\x00\xbf\xfb\x01\xdf\xf9\x00\x00\x2e" +
		"\xff\x79\xff\xd1\x00\x00\x06\xff\xff\xff\x40\x00\x00\x00\xbf\xff\xf8\x00\x00\x00\x00\x4f\xff\xf2\x00\x00\x00\x01\xdf\xff\xfb\x00\x00\x00\x09\xff\xee\xff\x60\x00\x00\x4f\xff\x47\xff\xe2\x00\x01\xdf\xf9\x00\xbf\xfc\x00\x09\xff\xd1\x00\x2e\xff\x70\x5f\xff\x40" +
		"\x00\x05\xff\xf3\x0f\x0d\x0d\xff\xf3\x0c\xff\xc0\x00\x00\xcf\xfd\x00\x3f\xff\x70\x00\x7f\xff\x30\x00\x8f\xff\x20\x2f\xff\x80\x00\x00\xcf\xfc\x0b\xff\xd0\x00\x00\x03\xff\xfb\xff\xf3\x00\x00\x00\x08\xff\xff\xf8\x00\x00\x00\x00\x0c\xff\xfd\x00\x00\x00\x00\x00" +
		"\x4f\xff\x40\x00\x00\x00\x00\x03\xff\xf3\x00\x00\x00\x00\x00\x3f\xff\x30\x00\x00\x00\x00\x03\xff\xf3\x00\x00\x00\x00\x00\x3f\xff\x30\x00\x00\x00\x00\x03\xff\xf3\x00\x00\x00\x0d\x0d\x0d\x00\xf3\x0f\xff\xff\xff\xff\xff\x10\xff\xff\xff\xff\xff\xf1\x00\x00\x00" +
		"\x08\xff\xfb\x00\x00\x00\x05\xff\xfd\x10\x00\x00\x03\xef\xfe\x30\x00\x00\x01\xdf\xff\x60\x00\x00\x00\xbf\xff\x90\x00\x00\x00\x8f\xff\xb0\x00\x00\x00\x5f\xff\xd1\x00\x00\x00\x2e\xff\xf3\x00\x00\x00\x1d\xff\xf6\x00\x00\x00\x03\xff\xff\xff\xff\xff\xf4\x3f\xff" +
		"\xff\xff\xff\xff\x40\x08\x10\x08\x00\xf2\x07\xff\xff\xf0\x07\xff\xff\xf0\x07\xff\x80\x00\x07\xff\x80\x00\x07\xff\x80\x00\x07\xff\x80\x00\x07\xff\x80\x00\x07\xff\x80\x00\x07\xff\x80\x00\x07\xff\x80\x00\x07\xff\x80\x00\x07\xff\x80\x00\x07\xff\x80\x00\x07\xff" +
		"\x80\x00\x07\xff\xff\xf0\x07\xff\xff\xf0\x07\x0f\x07\x00\xf3\xdf\x10\x00\x08\xf6\x00\x00\x3f\xb0\x00\x00\xef\x10\x00\x09\xf5\x00\x00\x5f\xa0\x00\x01\xee\x00\x00\x0a\xf4\x00\x00\x6f\x80\x00\x01\xfd\x00\x00\x0b\xf3\x00\x00\x7f\x70\x00\x02\xfc\x00\x00\x0d\xf2" +
		"\x00\x00\x8f\x60\x08\x10\x08\x00\xf2\x0c\xff\xff\xa0\x0c\xff\xff\xa0\x00\x05\xff\xa0\x00\x05\xff\xa0\x00\x05\xff\xa0\x00\x05\xff\xa0\x00\x05\xff\xa0\x00\x05\xff\xa0\x00\x05\xff\xa0\x00\x05\xff\xa0\x00\x05\xff\xa0\x00\x05\xff\xa0\x00\x05\xff\xa0\x00\x05\xff" +
		"\xa0\x0c\xff\xff\xa0\x0c\xff\xff\xa0\x8f\x0d\x0f\x00\xf3\x00\x00\x06\x00\x0d\x00\x15\x00\x1e\x00\x27\x00\x28\x00\x29\x00\x2a\x00\x2b\x00\x2c\x00\x2d\x00\x2e\x00\x2f\x00\x83\x05\x02\xdf\xe2\x84\x82\x07\x01\xdf\xff\xd2\x83\x0b\x00\x01\xcf\xe7\xef\xd1\x82\x0c" +
		"\x00\x1b\xfc\x20\x1b\xfc\x10\x81\x04\x00\xbf\x90\x83\x05\x08\xfb\x10\x8e\x8e\x8e\x8e\x8e\x8e\x8e\x8e\x89\x04\x09\x00\x00\x00\x00\x01\x00\x02\x00\x03\x00\x04\x00\x88\x88\xc8\xc8\x89\x0e\x09\x00\xf2\x00\x00\x04\x00\x09\x00\x0e\x00\x0f\x00\x10\x00\x11\x00\x12" +
		"\x00\x13\x00\x14\x00\x15\x00\x16\x00\x17\x00\x18\x00\x19\x00\x03\x09\xfb\x84\x04\x00\x8f\x80\x83\x05\x00\x07\xf6\x82\x88\x88\x88\x88\x88\x88\x88\x88\x88\x88\x88\x0c\x0a\x0c\x00\xf6\x05\xff\xff\xec\x81\x00\x05\xff\xff\xff\xfc\x00\x00\x00\x00\x3c\xff\x60\x00" +
		"\x00\x00\x07\xff\x90\x01\x7c\xef\xff\xff\xb0\x0b\xff\xff\xff\xff\xb0\x2f\xff\x50\x07\xff\xb0\x2f\xff\x40\x4e\xff\xb0\x0c\xff\xff\xfa\xff\xb0\x01\x9d\xec\x47\xff\xb0\x0d\x0e\x0d\x00\xf2\x07\xff\xa0\x00\x00\x00\x00\x7f\xfa\x00\x00\x00\x00\x07\xff\xa0\x00\x00" +
		"\x00\x00\x7f\xfa\x00\x00\x00\x00\x07\xff\xa2\xae\xea\x20\x00\x7f\xfb\xdf\xff\xfd\x10\x07\xff\xf8\x13\xdf\xf8\x00\x7f\xfd\x00\x06\xff\xd0\x07\xff\xb0\x00\x3f\xff\x10\x7f\xfb\x00\x03\xff\xf1\x07\xff\xd0\x00\x6f\xfe\x00\x7f\xff\x81\x3d\xff\x90\x07\xff\xbd\xff" +
		"\xff\xd1\x00\x7f\xfa\x2a\xee\xa2\x00\x0b\x0a\x0b\x00\xf6\x00\x06\xbe\xfc\x71\x00\x1c\xff\xff\xff\x70\x09\xff\xe5\x12\x66\x01\xff\xf6\x00\x00\x00\x3f\xff\x20\x00\x00\x03\xff\xf2\x00\x00\x00\x1f\xff\x60\x00\x00\x00\x9f\xfe\x51\x26\x60\x01\xcf\xff\xff\xf7\x00" +
		"\x00\x6c\xef\xc7\x10\x0d\x0e\x0d\x00\xf2\x00\x00\x00\x00\xcf\xf6\x00\x00\x00\x00\x0c\xff\x60\x00\x00\x00\x00\xcf\xf6\x00\x00\x00\x00\x0c\xff\x60\x00\x2b\xee\x91\xcf\xf6\x00\x2e\xff\xff\xcc\xff\x60\x0a\xff\xc2\x19\xff\xf6\x01\xff\xf4\x00\x1f\xff\x60\x2f\xff" +
		"\x20\x00\xdf\xf6\x02\xff\xf2\x00\x0d\xff\x60\x1f\xff\x40\x01\xff\xf6\x00\xaf\xfc\x21\x9f\xff\x60\x02\xef\xff\xfc\xcf\xf6\x00\x02\xbe\xe9\x1c\xff\x60\x0c\x0a\x0c\x00\xf6\x00\x07\xce\xfd\x81\x00\x01\xcf\xff\xff\xfd\x20\x09\xff\xb2\x18\xff\xb0\x1f\xff\x20\x00" +
		"\xef\xf2\x3f\xff\xff\xff\xff\xf4\x3f\xff\xff\xff\xff\xf5\x1f\xff\x20\x00\x00\x00\x0a\xff\xc3\x01\x38\xb0\x01\xcf\xff\xff\xff\xd0\x00\x07\xce\xfd\xb7\x20\x08\x0e\x08\x00\xf2\x00\x19\xdf\xff\x00\xaf\xff\xff\x00\xff\xf4\x00\x01\xff\xf1\x00\xaf\xff\xff\xfb\xaf" +
		"\xff\xff\xfb\x01\xff\xf1\x00\x01\xff\xf1\x00\x01\xff\xf1\x00\x01\xff\xf1\x00\x01\xff\xf1\x00\x01\xff\xf1\x00\x01\xff\xf1\x00\x01\xff\xf1\x00\x0d\x0e\x0d\x00\xf6\x00\x2a\xee\x91\xcf\xf6\x00\x2e\xff\xff\xcc\xff\x60\x0a\xff\xd2\x1a\xff\xf6\x00\xff\xf5\x00\x1f" +
		"\xff\x60\x2f\xff\x20\x00\xdf\xf6\x02\xff\xf2\x00\x0d\xff\x60\x0f\xff\x40\x01\xff\xf6\x00\xaf\xfc\x21\xaf\xff\x60\x02\xef\xff\xfc\xcf\xf6\x00\x02\xae\xe9\x1d\xff\x50\x00\x00\x00\x02\xff\xf2\x00\x0b\x52\x13\xcf\xfb\x00\x00\xff\xff\xff\xfd\x20\x00\x03\xad\xfe" +
		"\xc7\x10\x00\x0d\x0e\x0d\x00\xf2\x07\xff\xa0\x00\x00\x00\x00\x7f\xfa\x00\x00\x00\x00\x07\xff\xa0\x00\x00\x00\x00\x7f\xfa\x00\x00\x00\x00\x07\xff\xa1\xae\xea\x20\x00\x7f\xfb\xdf\xff\xfc\x00\x07\xff\xf8\x14\xff\xf3\x00\x7f\xfd\x00\x0c\xff\x50\x07\xff\xb0\x00" +
		"\xbf\xf6\x00\x7f\xfa\x00\x0b\xff\x60\x07\xff\xa0\x00\xbf\xf6\x00\x7f\xfa\x00\x0b\xff\x60\x07\xff\xa0\x00\xbf\xf6\x00\x7f\xfa\x00\x0b\xff\x60\x06\x0e\x06\x00\xf2\x07\xff\xa0\x07\xff\xa0\x07\xff\xa0\x00\x00\x00\x07\xff\xa0\x07\xff\xa0\x07\xff\xa0\x07\xff\xa0" +
		"\x07\xff\xa0\x07\xff\xa0\x07\xff\xa0\x07\xff\xa0\x07\xff\xa0\x07\xff\xa0\x07\x12\x06\xff\xf2\x00\x7f\xfa\x00\x07\xff\xa0\x00\x7f\xfa\x00\x00\x00\x00\x00\x7f\xfa\x00\x07\xff\xa0\x00\x7f\xfa\x00\x07\xff\xa0\x00\x7f\xfa\x00\x07\xff\xa0\x00\x7f\xfa\x00\x07\xff" +
		"\xa0\x00\x7f\xfa\x00\x07\xff\xa0\x00\x8f\xf9\x00\x1c\xff\x60\x9f\xff\xe1\x09\xfe\xb3\x00\x0d\x0e\x0c\x00\xf2\x07\xff\xa0\x00\x00\x00\x00\x7f\xfa\x00\x00\x00\x00\x07\xff\xa0\x00\x00\x00\x00\x7f\xfa\x00\x00\x00\x00\x07\xff\xa0\x04\xef\xf6\x00\x7f\xfa\x04\xef" +
		"\xf6\x00\x07\xff\xa4\xef\xf5\x00\x00\x7f\xfc\xef\xf5\x00\x00\x07\xff\xff\xf6\x00\x00\x00\x7f\xff\xff\xd2\x00\x00\x07\xff\xab\xff\xd1\x00\x00\x7f\xfa\x1c\xff\xc1\x00\x07\xff\xa0\x1c\xff\xc1\x00\x7f\xfa\x00\x1d\xff\xc1\x06\x0e\x06\x00\xf2\x07\xff\xa0\x07\xff" +
		"\xa0\x07\xff\xa0\x07\xff\xa0\x07\xff\xa0\x07\xff\xa0\x07\xff\xa0\x07\xff\xa0\x07\xff\xa0\x07\xff\xa0\x07\xff\xa0\x07\xff\xa0\x07\xff\xa0\x07\xff\xa0\x13\x0a\x13\x00\xf6\x08\xff\xa2\xbe\xd6\x02\xae\xd9\x10\x00\x8f\xfb\xef\xff\xf6\xdf\xff\xfb\x00\x08\xff\xf7" +
		"\x18\xff\xfb\x14\xff\xf2\x00\x8f\xfd\x00\x3f\xff\x30\x0d\xff\x40\x08\xff\xb0\x03\xff\xf1\x00\xcf\xf5\x00\x8f\xfa\x00\x3f\xff\x00\x0c\xff\x50\x08\xff\xa0\x03\xff\xf0\x00\xcf\xf5\x00\x8f\xfa\x00\x3f\xff\x00\x0c\xff\x50\x08\xff\xa0\x03\xff\xf0\x00\xcf\xf5\x00" +
		"\x8f\xfa\x00\x3f\xff\x00\x0c\xff\x50\x0d\x0a\x0d\x00\xf6\x07\xff\xa1\xae\xea\x20\x00\x7f\xfb\xdf\xff\xfc\x00\x07\xff\xf8\x14\xff\xf3\x00\x7f\xfd\x00\x0c\xff\x50\x07\xff\xb0\x00\xbf\xf6\x00\x7f\xfa\x00\x0b\xff\x60\x07\xff\xa0\x00\xbf\xf6\x00\x7f\xfa\x00\x0b" +
		"\xff\x60\x07\xff\xa0\x00\xbf\xf6\x00\x7f\xfa\x00\x0b\xff\x60\x0c\x0a\x0c\x00\xf6\x00\x17\xce\xfd\x92\x00\x01\xcf\xff\xff\xff\x50\x0a\xff\xc3\x19\xff\xe1\x1f\xff\x40\x00\xef\xf6\x3f\xff\x10\x00\xbf\xf8\x3f\xff\x10\x00\xbf\xf8\x1f\xff\x40\x00\xef\xf6\x0a\xff" +
		"\xc2\x18\xff\xe1\x01\xcf\xff\xff\xff\x50\x00\x17\xce\xfd\x93\x00\x0d\x0e\x0d\x00\xf6\x07\xff\xa2\xae\xea\x20\x00\x7f\xfb\xdf\xff\xfd\x10\x07\xff\xf8\x13\xdf\xf8\x00\x7f\xfd\x00\x06\xff\xd0\x07\xff\xb0\x00\x3f\xff\x10\x7f\xfb\x00\x03\xff\xf1\x07\xff\xd0\x00" +
		"\x6f\xfe\x00\x7f\xff\x81\x3d\xff\x90\x07\xff\xbd\xff\xff\xd1\x00\x7f\xfa\x2a\xee\xa2\x00\x07\xff\xa0\x00\x00\x00\x00\x7f\xfa\x00\x00\x00\x00\x07\xff\xa0\x00\x00\x00\x00\x7f\xfa\x00\x00\x00\x00\x0d\x0e\x0d\x00\xf6\x00\x2b\xee\x91\xcf\xf6\x00\x2e\xff\xff\xcc" +
		"\xff\x60\x0a\xff\xc2\x19\xff\xf6\x01\xff\xf4\x00\x1f\xff\x60\x2f\xff\x20\x00\xdf\xf6\x02\xff\xf2\x00\x0d\xff\x60\x1f\xff\x40\x01\xff\xf6\x00\xaf\xfc\x21\x9f\xff\x60\x02\xef\xff\xfc\xcf\xf6\x00\x02\xbe\xe9\x1c\xff\x60\x00\x00\x00\x00\xcf\xf6\x00\x00\x00\x00" +
		"\x0c\xff\x60\x00\x00\x00\x00\xcf\xf6\x00\x00\x00\x00\x0c\xff\x60\x09\x0a\x09\x00\xf6\x07\xff\xa2\xbe\xc0\x7f\xfb\xdf\xfc\x07\xff\xfa\x20\x00\x7f\xfe\x00\x00\x07\xff\xb0\x00\x00\x7f\xfa\x00\x00\x07\xff\xa0\x00\x00\x7f\xfa\x00\x00\x07\xff\xa0\x00\x00\x7f\xfa" +
		"\x00\x00\x0b\x0a\x0b\x00\xf6\x01\x8c\xee\xd9\x40\x00\xaf\xff\xff\xff\x30\x0f\xfd\x20\x25\xb3\x00\xef\xe4\x20\x00\x00\x09\xff\xff\xeb\x60\x00\x07\xce\xff\xff\x70\x00\x00\x01\x7f\xfc\x00\xb7\x31\x17\xff\xc0\x0e\xff\xff\xff\xf6\x00\x28\xce\xfe\xb5\x00\x09\x0d" +
		"\x09\x00\xf3\x03\xff\xe0\x00\x00\x3f\xfe\x00\x00\x03\xff\xe0\x00\x0c\xff\xff\xff\xf3\xcf\xff\xff\xff\x30\x3f\xfe\x00\x00\x03\xff\xe0\x00\x00\x3f\xfe\x00\x00\x03\xff\xe0\x00\x00\x3f\xfe\x00\x00\x02\xff\xf3\x00\x00\x0d\xff\xff\xe0\x00\x3b\xef\xfe\x00\x0d\x0a" +
		"\x0d\x00\xf6\x09\xff\x90\x00\xdf\xf4\x00\x9f\xf9\x00\x0d\xff\x40\x09\xff\x90\x00\xdf\xf4\x00\x9f\xf8\x00\x0d\xff\x40\x09\xff\x80\x00\xdf\xf4\x00\x9f\xf8\x00\x0e\xff\x40\x08\xff\x90\x02\xff\xf4\x00\x6f\xfe\x32\xbf\xff\x40\x01\xef\xff\xfb\xdf\xf4\x00\x03\xbe" +
		"\xe8\x0d\xff\x40\x0c\x0a\x0c\x00\xf6\x8f\xf9\x00\x00\xdf\xf4\x2f\xfe\x00\x03\xff\xd0\x0c\xff\x50\x09\xff\x70\x06\xff\xa0\x0e\xff\x20\x01\xef\xe1\x4f\xfb\x00\x00\x9f\xf6\x9f\xf5\x00\x00\x3f\xfb\xef\xe0\x00\x00\x0c\xff\xff\x80\x00\x00\x07\xff\xff\x30\x00\x00" +
		"\x01\xff\xfc\x00\x00\x11\x0a\x11\x00\xf6\x4f\xfc\x00\x2f\xfb\x00\x3f\xfd\x00\xef\xf1\x05\xff\xf0\x06\xff\x90\x0b\xff\x40\x9f\xff\x40\xaf\xf5\x00\x7f\xf8\x0d\xfc\xf7\x0e\xff\x10\x03\xff\xc1\xfe\x6f\xb2\xff\xc0\x00\x0e\xff\x5f\xb2\xfe\x6f\xf9\x00\x00\xaf\xfc" +
		"\xf7\x0d\xfd\xff\x50\x00\x06\xff\xff\x40\xaf\xff\xf1\x00\x00\x3f\xff\xf1\x06\xff\xfc\x00\x00\x00\xef\xfc\x00\x2f\xff\x80\x00\x0c\x0a\x0c\x00\xf6\x3f\xfe\x20\x08\xff\xc0\x07\xff\xc0\x3f\xfe\x20\x00\xbf\xf8\xdf\xf5\x00\x00\x1e\xff\xff\x90\x00\x00\x04\xff\xfd" +
		"\x10\x00\x00\x07\xff\xfe\x20\x00\x00\x3f\xff\xff\xc0\x00\x01\xdf\xf5\xbf\xf8\x00\x0a\xff\xa0\x2e\xff\x40\x6f\xfd\x10\x05\xff\xe1\x0c\x0e\x0c\x00\xf6\x9f\xf8\x00\x00\xdf\xf3\x2f\xfe\x00\x03\xff\xd0\x0b\xff\x50\x08\xff\x70\x05\xff\xb0\x0d\xff\x20\x00\xdf\xf2" +
		"\x3f\xfb\x00\x00\x7f\xf8\x8f\xf5\x00\x00\x1f\xfd\xdf\xe1\x00\x00\x09\xff\xff\x90\x00\x00\x03\xff\xff\x30\x00\x00\x00\xcf\xfd\x00\x00\x00\x00\x7f\xf7\x00\x00\x00\x02\xdf\xf1\x00\x00\x03\xff\xff\x80\x00\x00\x03\xff\xd8\x00\x00\x00\x0a\x0a\x0a\x00\xf6\x0f\xff" +
		"\xff\xff\xf9\x0f\xff\xff\xff\xf9\x00\x00\x07\xff\xf6\x00\x00\x6f\xff\x80\x00\x04\xff\xf9\x00\x00\x3e\xff\xa0\x00\x03\xef\xfb\x10\x00\x1d\xff\xc1\x00\x00\x3f\xff\xff\xff\xf9\x3f\xff\xff\xff\xf9\x0d\x11\x0d\x00\xf2\x00\x00\x01\x9d\xff\x80\x00\x00\x00\x9f\xff" +
		"\xf8\x00\x00\x00\x0d\xff\x71\x00\x00\x00\x00\xff\xf0\x00\x00\x00\x00\x0f\xff\x00\x00\x00\x00\x00\xff\xf0\x00\x00\x00\x00\x2f\xfe\x00\x00\x00\x00\x2a\xff\xb0\x00\x00\x00\xbf\xff\xc3\x00\x00\x00\x0b\xff\xfe\x40\x00\x00\x00\x01\x9f\xfc\x00\x00\x00\x00\x01\xff" +
		"\xe0\x00\x00\x00\x00\x0f\xff\x00\x00\x00\x00\x00\xff\xf0\x00\x00\x00\x00\x0e\xff\x61\x00\x00\x00\x00\x9f\xff\xf8\x00\x00\x00\x01\x9e\xff\x80\x00\x07\x12\x07\x00\xf2\x00\xbf\x40\x00\x0b\xf4\x00\x00\xbf\x40\x00\x0b\xf4\x00\x00\xbf\x40\x00\x0b\xf4\x00\x00\xbf" +
		"\x40\x00\x0b\xf4\x00\x00\xbf\x40\x00\x0b\xf4\x00\x00\xbf\x40\x00\x0b\xf4\x00\x00\xbf\x40\x00\x0b\xf4\x00\x00\xbf\x40\x00\x0b\xf4\x00\x00\xbf\x40\x00\x0b\xf4\x00\x0d\x11\x0d\x00\xf2\x00\xbf\xfd\x70\x00\x00\x00\x0b\xff\xff\x60\x00\x00\x00\x01\x9f\xfb\x00\x00" +
		"\x00\x00\x03\xff\xc0\x00\x00\x00\x00\x2f\xfc\x00\x00\x00\x00\x02\xff\xd0\x00\x00\x00\x00\x2f\xfe\x00\x00\x00\x00\x00\xef\xf7\x10\x00\x00\x00\x05\xdf\xff\x80\x00\x00\x00\x7e\xff\xf8\x00\x00\x00\x1f\xff\x61\x00\x00\x00\x02\xff\xe0\x00\x00\x00\x00\x2f\xfc\x00" +
		"\x00\x00\x00\x03\xff\xc0\x00\x00\x00\x01\x8f\xfb\x00\x00\x00\x0b\xff\xff\x60\x00\x00\x00\xbf\xfd\x80\x00\x00\x00\x8f\x08\x0f\x00\xf8\x00\x00\x01\x00\x0a\x00\x0f\x00\x18\x00\x1c\x00\x1d\x00\x1e\x00\x1f\x00\x8e\x0d\x00\x3a\xef\xc8\x41\x14\xc3\x80\x01\x01\xca" +
		"\x01\x20\x0c\x01\xd6\x11\x48\xce\xeb\x40\x81\x02\x00\x10\x8b\x8e\x8e\x8e",
}

var Bold24 = Font{first: 32, last: 126, lineHeight: 29,
	characters: "\x20\x25\x2e\x30\x31\x32\x33\x34\x35\x36\x37\x38\x39\x3a\x3f\x41\x44\x45\x46\x49\x4b\x4c\x4d\x4e\x4f\x50\x52\x54\x61\x62\x64\x65\x68\x69\x6c\x6d\x6e\x70\x72\x73\x74\x75\x77", pixelTop: -18, pixelBottom: 5,
	index: "\x00\x00\x00\x00\x00\x05\x00\x00\xe2\x00\x00\xfe\x00\x01\x9c\x00\x02\x39\x00\x02\xd7\x00\x03\x75\x00\x04\x13\x00\x04\xb1\x00\x05\x4f\x00\x05\xe6\x00\x06\x84\x00\x07\x22\x00\x07\x68\x00\x07\xeb\x00\x08\x9b\x00\x09\x54\x00\x09\xe9\x00\x0a\x7e\x00\x0a\xd4\x00" +
		"\x0b\x8d\x00\x0c\x19\x00\x0c\xf6\x00\x0d\xaf\x00\x0e\x68\x00\x0f\x0f\x00\x0f\xb6\x00\x10\x4a\x00\x10\xb7\x00\x11\x55\x00\x11\xf3\x00\x12\x60\x00\x12\xfe\x00\x13\x4b\x00\x13\x98\x00\x14\x40\x00\x14\xb4\x00\x15\x52\x00\x15\xa5\x00\x16\x05\x00\x16\x68\x00\x16" +
		"\xdc",
	data: "\x08\x00\x08\x00\x00\x18\x12\x18\x00\xee\x00\x29\xef\xd9\x10\x00\x00\x02\xff\x70\x00\x00\x02\xef\xff\xff\xd1\x00\x00\x0b\xfd\x00\x00\x00\x0b\xff\x71\x8f\xf9\x00\x00\x5f\xf4\x00\x00\x00\x1f\xfd\x00\x1e\xfe\x00\x01\xdf\xa0\x00\x00\x00\x3f\xfb\x00\x0d\xff\x10" +
		"\x08\xfe\x20\x00\x00\x00\x3f\xfb\x00\x0d\xff\x10\x2f\xf7\x00\x00\x00\x00\x1f\xfd\x00\x1e\xfe\x00\xbf\xc0\x00\x00\x00\x00\x0b\xff\x71\x8f\xf9\x05\xff\x40\x00\x00\x00\x00\x02\xef\xff\xff\xd1\x1e\xf9\x01\x9d\xfe\xa2\x00\x00\x29\xef\xd9\x10\x9f\xe1\x1d\xff\xff" +
		"\xfe\x30\x00\x00\x00\x00\x03\xff\x60\x9f\xf9\x16\xff\xc0\x00\x00\x00\x00\x0c\xfc\x00\xef\xf1\x00\xdf\xf2\x00\x00\x00\x00\x6f\xf3\x01\xff\xe0\x00\xbf\xf4\x00\x00\x00\x01\xef\x90\x01\xff\xe0\x00\xbf\xf4\x00\x00\x00\x09\xfe\x10\x00\xef\xf1\x00\xdf\xf2\x00\x00" +
		"\x00\x3f\xf6\x00\x00\x9f\xf9\x16\xff\xc0\x00\x00\x00\xcf\xc0\x00\x00\x1d\xff\xff\xfe\x30\x00\x00\x06\xff\x30\x00\x00\x01\x9d\xfe\xa2\x00\x09\x05\x09\x00\xfb\x00\x8f\xff\xa0\x00\x08\xff\xfa\x00\x00\x8f\xff\xa0\x00\x08\xff\xfa\x00\x00\x8f\xff\xa0\x00\x11\x12" +
		"\x11\x00\xee\x00\x00\x17\xce\xfd\xa5\x00\x00\x00\x00\x3d\xff\xff\xff\xfb\x10\x00\x00\x2e\xff\xff\xff\xff\xfb\x00\x00\x0a\xff\xfd\x30\x5f\xff\xf6\x00\x02\xff\xff\x40\x00\x8f\xff\xc0\x00\x7f\xff\xe0\x00\x04\xff\xff\x20\x0a\xff\xfc\x00\x00\x1f\xff\xf5\x00\xbf" +
		"\xff\xb0\x00\x00\xff\xff\x70\x0c\xff\xfa\x00\x00\x0f\xff\xf8\x00\xcf\xff\xa0\x00\x00\xff\xff\x80\x0b\xff\xfb\x00\x00\x0f\xff\xf7\x00\xaf\xff\xc0\x00\x01\xff\xff\x50\x07\xff\xfe\x00\x00\x4f\xff\xf2\x00\x2f\xff\xf4\x00\x08\xff\xfc\x00\x00\xaf\xff\xd3\x05\xff" +
		"\xff\x60\x00\x02\xef\xff\xff\xff\xff\xb0\x00\x00\x03\xdf\xff\xff\xff\xb1\x00\x00\x00\x01\x7c\xef\xea\x50\x00\x00\x91\x12\x11\x00\xee\x00\x00\x08\x00\x0f\x00\x16\x00\x1e\x00\x24\x00\x2a\x00\x30\x00\x36\x00\x3c\x00\x42\x00\x48\x00\x4e\x00\x54\x00\x5a\x00\x60" +
		"\x00\x66\x00\x6c\x00\x72\x00\x0b\x00\x03\x7a\xef\xff\xf1\x84\x02\x00\x40\xc6\x01\xf1\x84\x02\x00\x40\xc6\x01\xf1\x84\x0b\x00\x4c\x85\x4f\xff\xf1\x84\x85\x05\x3f\xff\xf1\x84\x85\x05\x3f\xff\xf1\x84\x85\x05\x3f\xff\xf1\x84\x85\x05\x3f\xff\xf1\x84\x85\x05\x3f" +
		"\xff\xf1\x84\x85\x05\x3f\xff\xf1\x84\x85\x05\x3f\xff\xf1\x84\x85\x05\x3f\xff\xf1\x84\x85\x05\x3f\xff\xf1\x84\x85\x05\x3f\xff\xf1\x84\x85\x05\x3f\xff\xf1\x84\x02\x00\x30\xcb\x01\x10\x02\x00\x30\xcb\x01\x10\x02\x00\x30\xcb\x01\x10\x11\x12\x11\x00\xee\x00\x26" +
		"\x9c\xef\xed\xa5\x00\x00\x00\x1f\xff\xff\xff\xff\xfb\x10\x00\x01\xff\xff\xff\xff\xff\xfa\x00\x00\x1f\xe9\x41\x16\xef\xff\xf3\x00\x01\xa1\x00\x00\x06\xff\xff\x60\x00\x00\x00\x00\x00\x2f\xff\xf7\x00\x00\x00\x00\x00\x02\xff\xff\x50\x00\x00\x00\x00\x00\x7f\xff" +
		"\xf1\x00\x00\x00\x00\x00\x3e\xff\xf8\x00\x00\x00\x00\x00\x3e\xff\xfb\x00\x00\x00\x00\x00\x4e\xff\xfb\x10\x00\x00\x00\x00\x5f\xff\xfb\x10\x00\x00\x00\x00\x6f\xff\xfa\x00\x00\x00\x00\x00\x7f\xff\xf8\x00\x00\x00\x00\x00\x8f\xff\xf7\x00\x00\x00\x00\x00\x1f\xff" +
		"\xff\xff\xff\xff\xf9\x00\x01\xff\xff\xff\xff\xff\xff\x90\x00\x1f\xff\xff\xff\xff\xff\xf9\x00\x11\x12\x11\x00\xee\x00\x15\x9c\xdf\xed\xb7\x10\x00\x00\x0a\xff\xff\xff\xff\xfe\x40\x00\x00\xaf\xff\xff\xff\xff\xfe\x00\x00\x09\x94\x21\x14\xdf\xff\xf4\x00\x00\x00" +
		"\x00\x00\x04\xff\xff\x50\x00\x00\x00\x00\x00\x4f\xff\xf3\x00\x00\x00\x00\x01\x5d\xff\xfa\x00\x00\x00\x06\xff\xff\xff\xe8\x00\x00\x00\x00\x6f\xff\xff\xfc\x60\x00\x00\x00\x06\xff\xff\xff\xff\x90\x00\x00\x00\x00\x02\x5c\xff\xff\x50\x00\x00\x00\x00\x00\x1e\xff" +
		"\xfa\x00\x00\x00\x00\x00\x00\xcf\xff\xb0\x00\x00\x00\x00\x00\x1e\xff\xfb\x00\x06\xb7\x32\x01\x5c\xff\xff\x70\x00\x6f\xff\xff\xff\xff\xff\xd1\x00\x06\xff\xff\xff\xff\xff\xc2\x00\x00\x04\x8b\xde\xfe\xc9\x40\x00\x00\x11\x12\x11\x00\xee\x00\x00\x00\x03\xff\xff" +
		"\xf2\x00\x00\x00\x00\x00\xdf\xff\xff\x20\x00\x00\x00\x00\x8f\xff\xff\xf2\x00\x00\x00\x00\x3f\xff\xff\xff\x20\x00\x00\x00\x0c\xff\xbf\xff\xf2\x00\x00\x00\x06\xff\xd3\xff\xff\x20\x00\x00\x02\xef\xf5\x2f\xff\xf2\x00\x00\x00\xbf\xfa\x02\xff\xff\x20\x00\x00\x5f" +
		"\xfe\x20\x2f\xff\xf2\x00\x00\x1e\xff\x70\x02\xff\xff\x20\x00\x09\xff\xc0\x00\x2f\xff\xf2\x00\x00\xef\xf3\x00\x02\xff\xff\x20\x00\x0e\xff\xff\xff\xff\xff\xff\xf9\x00\xef\xff\xff\xff\xff\xff\xff\x90\x0e\xff\xff\xff\xff\xff\xff\xf9\x00\x00\x00\x00\x02\xff\xff" +
		"\x20\x00\x00\x00\x00\x00\x2f\xff\xf2\x00\x00\x00\x00\x00\x02\xff\xff\x20\x00\x11\x12\x11\x00\xee\x00\x7f\xff\xff\xff\xff\xfc\x00\x00\x07\xff\xff\xff\xff\xff\xc0\x00\x00\x7f\xff\xff\xff\xff\xfc\x00\x00\x07\xff\xf2\x00\x00\x00\x00\x00\x00\x7f\xff\x20\x00\x00" +
		"\x00\x00\x00\x07\xff\xf2\x00\x00\x00\x00\x00\x00\x7f\xff\xce\xfe\xb6\x10\x00\x00\x07\xff\xff\xff\xff\xfd\x30\x00\x00\x7f\xff\xff\xff\xff\xfe\x10\x00\x06\xa5\x31\x14\xcf\xff\xf8\x00\x00\x00\x00\x00\x01\xdf\xff\xd0\x00\x00\x00\x00\x00\x09\xff\xff\x00\x00\x00" +
		"\x00\x00\x00\x9f\xff\xf0\x00\x00\x00\x00\x00\x1d\xff\xfd\x00\x02\xc8\x42\x11\x4c\xff\xff\x80\x00\x2f\xff\xff\xff\xff\xff\xd1\x00\x02\xff\xff\xff\xff\xff\xc2\x00\x00\x03\x6a\xce\xfe\xda\x50\x00\x00\x11\x12\x11\x00\xee\x00\x00\x01\x7b\xdf\xec\x94\x00\x00\x00" +
		"\x04\xef\xff\xff\xff\xf4\x00\x00\x05\xff\xff\xff\xff\xff\x40\x00\x02\xef\xff\xc4\x11\x25\xa4\x00\x00\x9f\xff\xb0\x00\x00\x00\x00\x00\x0e\xff\xf3\x00\x00\x00\x00\x00\x03\xff\xfe\x4a\xef\xea\x40\x00\x00\x6f\xff\xff\xff\xff\xff\x90\x00\x07\xff\xff\xff\xff\xff" +
		"\xff\x70\x00\x7f\xff\xfe\x51\x3c\xff\xfe\x10\x07\xff\xff\x80\x00\x3f\xff\xf4\x00\x5f\xff\xf6\x00\x00\xff\xff\x60\x02\xff\xff\x50\x00\x0f\xff\xf5\x00\x0d\xff\xf8\x00\x03\xff\xff\x30\x00\x6f\xff\xe5\x12\xcf\xff\xc0\x00\x00\xcf\xff\xff\xff\xff\xf4\x00\x00\x01" +
		"\xbf\xff\xff\xff\xe5\x00\x00\x00\x00\x5b\xef\xec\x81\x00\x00\x91\x12\x11\x00\xee\x00\x00\x06\x00\x0c\x00\x12\x00\x18\x00\x1e\x00\x24\x00\x2a\x00\x30\x00\x36\x00\x3c\x00\x42\x00\x48\x00\x4e\x00\x54\x00\x5a\x00\x60\x00\x66\x00\x6c\x00\x01\x06\xca\x01\xfc\x81" +
		"\x01\x06\xca\x01\xfc\x81\x01\x06\xca\x01\xfb\x81\x88\x05\x3f\xff\xf6\x81\x88\x05\x9f\xff\xe1\x81\x87\x05\x1f\xff\xf8\x82\x87\x05\x7f\xff\xf1\x82\x86\x05\x0d\xff\xf9\x83\x86\x05\x5f\xff\xf3\x83\x85\x05\x0c\xff\xfb\x84\x85\x05\x3f\xff\xf4\x84\x84\x05\x09\xff" +
		"\xfd\x85\x84\x05\x1f\xff\xf6\x85\x84\x05\x7f\xff\xe1\x85\x83\x05\x0d\xff\xf8\x86\x83\x05\x5f\xff\xf1\x86\x82\x05\x0c\xff\xfa\x87\x82\x05\x3f\xff\xf3\x87\x11\x12\x11\x00\xee\x00\x00\x5a\xde\xfe\xc9\x30\x00\x00\x01\xcf\xff\xff\xff\xff\x90\x00\x00\xaf\xff\xff" +
		"\xff\xff\xff\x50\x00\x1f\xff\xfb\x21\x4e\xff\xfb\x00\x02\xff\xff\x30\x00\x8f\xff\xc0\x00\x0f\xff\xf3\x00\x08\xff\xfa\x00\x00\x9f\xff\xb2\x14\xef\xff\x40\x00\x01\xaf\xff\xff\xff\xff\x60\x00\x00\x00\x8f\xff\xff\xfe\x40\x00\x00\x02\xdf\xff\xff\xff\xff\xa0\x00" +
		"\x00\xdf\xff\xa2\x13\xdf\xff\x80\x00\x5f\xff\xe0\x00\x04\xff\xff\x00\x07\xff\xfc\x00\x00\x1f\xff\xf3\x00\x7f\xff\xe0\x00\x04\xff\xff\x20\x04\xff\xff\xa2\x13\xdf\xff\xe0\x00\x0c\xff\xff\xff\xff\xff\xf8\x00\x00\x2d\xff\xff\xff\xff\xf9\x00\x00\x00\x06\xad\xef" +
		"\xec\x94\x00\x00\x11\x12\x11\x00\xee\x00\x00\x39\xde\xed\x93\x00\x00\x00\x00\x9f\xff\xff\xff\xf7\x00\x00\x00\x9f\xff\xff\xff\xff\xf6\x00\x00\x3f\xff\xf8\x11\x9f\xff\xe1\x00\x08\xff\xfd\x00\x00\xdf\xff\x70\x00\xaf\xff\xa0\x00\x0b\xff\xfc\x00\x0b\xff\xfa\x00" +
		"\x00\xbf\xff\xf0\x00\x9f\xff\xd0\x00\x0d\xff\xff\x10\x05\xff\xff\x81\x19\xff\xff\xf2\x00\x0c\xff\xff\xff\xff\xff\xff\x20\x00\x2d\xff\xff\xff\xff\xff\xf1\x00\x00\x17\xce\xfd\x85\xff\xfd\x00\x00\x00\x00\x00\x00\x8f\xff\x90\x00\x00\x00\x00\x00\x2e\xff\xf4\x00" +
		"\x00\x89\x42\x02\x6e\xff\xfb\x00\x00\x09\xff\xff\xff\xff\xfd\x10\x00\x00\x9f\xff\xff\xff\xfb\x10\x00\x00\x01\x6a\xde\xed\xa5\x00\x00\x00\x0a\x0d\x0a\x00\xf3\x00\x5f\xff\xe0\x00\x00\x5f\xff\xe0\x00\x00\x5f\xff\xe0\x00\x00\x5f\xff\xe0\x00\x00\x5f\xff\xe0\x00" +
		"\x00\x00\x00\x00\x00\x00\x00\x00\x00\x00\x00\x00\x00\x00\x00\x00\x5f\xff\xe0\x00\x00\x5f\xff\xe0\x00\x00\x5f\xff\xe0\x00\x00\x5f\xff\xe0\x00\x00\x5f\xff\xe0\x00\x0e\x12\x0e\x00\xee\x05\xff\xff\xfe\xc8\x20\x00\x05\xff\xff\xff\xff\xe4\x00\x05\xff\xff\xff\xff" +
		"\xfe\x00\x05\xb6\x31\x17\xff\xff\x40\x00\x00\x00\x00\xef\xff\x50\x00\x00\x00\x02\xff\xff\x30\x00\x00\x00\x2d\xff\xfc\x00\x00\x00\x02\xdf\xff\xe3\x00\x00\x00\x0c\xff\xfe\x30\x00\x00\x00\x7f\xff\xf4\x00\x00\x00\x00\xcf\xff\x80\x00\x00\x00\x00\xef\xff\x50\x00" +
		"\x00\x00\x00\x00\x00\x00\x00\x00\x00\x00\x00\x00\x00\x00\x00\x00\x00\xef\xff\x50\x00\x00\x00\x00\xef\xff\x50\x00\x00\x00\x00\xef\xff\x50\x00\x00\x00\x00\xef\xff\x50\x00\x00\x13\x12\x13\x00\xee\x00\x00\x00\x9f\xff\xff\x20\x00\x00\x00\x00\x00\x0e\xff\xff\xf8" +
		"\x00\x00\x00\x00\x00\x05\xff\xff\xff\xd0\x00\x00\x00\x00\x00\xaf\xff\xff\xff\x40\x00\x00\x00\x00\x1f\xff\xfe\xff\xf9\x00\x00\x00\x00\x06\xff\xfe\x6f\xff\xe0\x00\x00\x00\x00\xbf\xff\xa1\xff\xff\x50\x00\x00\x00\x2f\xff\xf5\x0b\xff\xfa\x00\x00\x00\x07\xff\xfe" +
		"\x10\x6f\xff\xf1\x00\x00\x00\xcf\xff\xa0\x02\xff\xff\x60\x00\x00\x3f\xff\xf6\x00\x0c\xff\xfb\x00\x00\x08\xff\xff\x10\x00\x7f\xff\xf2\x00\x00\xdf\xff\xff\xff\xff\xff\xff\x70\x00\x4f\xff\xff\xff\xff\xff\xff\xfd\x00\x09\xff\xff\xff\xff\xff\xff\xff\xf3\x00\xef" +
		"\xff\x90\x00\x00\x01\xef\xff\x80\x5f\xff\xf3\x00\x00\x00\x09\xff\xfe\x0a\xff\xfd\x00\x00\x00\x00\x4f\xff\xf4\x14\x12\x14\x00\xee\x00\xcf\xff\xff\xfe\xdb\x72\x00\x00\x00\x00\xcf\xff\xff\xff\xff\xff\xb2\x00\x00\x00\xcf\xff\xff\xff\xff\xff\xfe\x30\x00\x00\xcf" +
		"\xff\xb0\x01\x5b\xff\xff\xe2\x00\x00\xcf\xff\xb0\x00\x00\x8f\xff\xfa\x00\x00\xcf\xff\xb0\x00\x00\x0c\xff\xff\x20\x00\xcf\xff\xb0\x00\x00\x05\xff\xff\x60\x00\xcf\xff\xb0\x00\x00\x02\xff\xff\x80\x00\xcf\xff\xb0\x00\x00\x00\xff\xff\xa0\x00\xcf\xff\xb0\x00\x00" +
		"\x00\xff\xff\x90\x00\xcf\xff\xb0\x00\x00\x02\xff\xff\x80\x00\xcf\xff\xb0\x00\x00\x05\xff\xff\x60\x00\xcf\xff\xb0\x00\x00\x0c\xff\xff\x20\x00\xcf\xff\xb0\x00\x00\x8f\xff\xfa\x00\x00\xcf\xff\xb0\x01\x5b\xff\xff\xe2\x00\x00\xcf\xff\xff\xff\xff\xff\xfe\x30\x00" +
		"\x00\xcf\xff\xff\xff\xff\xff\xb2\x00\x00\x00\xcf\xff\xff\xfe\xdb\x82\x00\x00\x00\x10\x12\x10\x00\xee\x00\xcf\xff\xff\xff\xff\xff\x60\x00\xcf\xff\xff\xff\xff\xff\x60\x00\xcf\xff\xff\xff\xff\xff\x60\x00\xcf\xff\xb0\x00\x00\x00\x00\x00\xcf\xff\xb0\x00\x00\x00" +
		"\x00\x00\xcf\xff\xb0\x00\x00\x00\x00\x00\xcf\xff\xb0\x00\x00\x00\x00\x00\xcf\xff\xff\xff\xff\xfe\x00\x00\xcf\xff\xff\xff\xff\xfe\x00\x00\xcf\xff\xff\xff\xff\xfe\x00\x00\xcf\xff\xb0\x00\x00\x00\x00\x00\xcf\xff\xb0\x00\x00\x00\x00\x00\xcf\xff\xb0\x00\x00\x00" +
		"\x00\x00\xcf\xff\xb0\x00\x00\x00\x00\x00\xcf\xff\xb0\x00\x00\x00\x00\x00\xcf\xff\xff\xff\xff\xff\xa0\x00\xcf\xff\xff\xff\xff\xff\xa0\x00\xcf\xff\xff\xff\xff\xff\xa0\x10\x12\x10\x00\xee\x00\xcf\xff\xff\xff\xff\xff\x60\x00\xcf\xff\xff\xff\xff\xff\x60\x00\xcf" +
		"\xff\xff\xff\xff\xff\x60\x00\xcf\xff\xb0\x00\x00\x00\x00\x00\xcf\xff\xb0\x00\x00\x00\x00\x00\xcf\xff\xb0\x00\x00\x00\x00\x00\xcf\xff\xb0\x00\x00\x00\x00\x00\xcf\xff\xff\xff\xff\xfe\x00\x00\xcf\xff\xff\xff\xff\xfe\x00\x00\xcf\xff\xff\xff\xff\xfe\x00\x00\xcf" +
		"\xff\xb0\x00\x00\x00\x00\x00\xcf\xff\xb0\x00\x00\x00\x00\x00\xcf\xff\xb0\x00\x00\x00\x00\x00\xcf\xff\xb0\x00\x00\x00\x00\x00\xcf\xff\xb0\x00\x00\x00\x00\x00\xcf\xff\xb0\x00\x00\x00\x00\x00\xcf\xff\xb0\x00\x00\x00\x00\x00\xcf\xff\xb0\x00\x00\x00\x00\x09\x12" +
		"\x09\x00\xee\x00\xcf\xff\xb0\x00\x0c\xff\xfb\x00\x00\xcf\xff\xb0\x00\x0c\xff\xfb\x00\x00\xcf\xff\xb0\x00\x0c\xff\xfb\x00\x00\xcf\xff\xb0\x00\x0c\xff\xfb\x00\x00\xcf\xff\xb0\x00\x0c\xff\xfb\x00\x00\xcf\xff\xb0\x00\x0c\xff\xfb\x00\x00\xcf\xff\xb0\x00\x0c\xff" +
		"\xfb\x00\x00\xcf\xff\xb0\x00\x0c\xff\xfb\x00\x00\xcf\xff\xb0\x00\x0c\xff\xfb\x00\x14\x12\x13\x00\xee\x00\xcf\xff\xb0\x00\x00\x4f\xff\xfd\x20\x00\xcf\xff\xb0\x00\x04\xff\xff\xd2\x00\x00\xcf\xff\xb0\x00\x4f\xff\xfd\x20\x00\x00\xcf\xff\xb0\x04\xff\xff\xd2\x00" +
		"\x00\x00\xcf\xff\xb0\x4e\xff\xfd\x20\x00\x00\x00\xcf\xff\xb4\xef\xff\xd2\x00\x00\x00\x00\xcf\xff\xde\xff\xfd\x20\x00\x00\x00\x00\xcf\xff\xff\xff\xe2\x00\x00\x00\x00\x00\xcf\xff\xff\xff\x40\x00\x00\x00\x00\x00\xcf\xff\xff\xff\xd2\x00\x00\x00\x00\x00\xcf\xff" +
		"\xff\xff\xfd\x20\x00\x00\x00\x00\xcf\xff\xba\xff\xff\xd1\x00\x00\x00\x00\xcf\xff\xb0\xaf\xff\xfd\x10\x00\x00\x00\xcf\xff\xb0\x0b\xff\xff\xc1\x00\x00\x00\xcf\xff\xb0\x00\xbf\xff\xfc\x10\x00\x00\xcf\xff\xb0\x00\x0b\xff\xff\xc1\x00\x00\xcf\xff\xb0\x00\x01\xbf" +
		"\xff\xfc\x10\x00\xcf\xff\xb0\x00\x00\x1b\xff\xff\xc1\x0f\x12\x0f\x00\xee\x00\xcf\xff\xb0\x00\x00\x00\x00\x0c\xff\xfb\x00\x00\x00\x00\x00\xcf\xff\xb0\x00\x00\x00\x00\x0c\xff\xfb\x00\x00\x00\x00\x00\xcf\xff\xb0\x00\x00\x00\x00\x0c\xff\xfb\x00\x00\x00\x00\x00" +
		"\xcf\xff\xb0\x00\x00\x00\x00\x0c\xff\xfb\x00\x00\x00\x00\x00\xcf\xff\xb0\x00\x00\x00\x00\x0c\xff\xfb\x00\x00\x00\x00\x00\xcf\xff\xb0\x00\x00\x00\x00\x0c\xff\xfb\x00\x00\x00\x00\x00\xcf\xff\xb0\x00\x00\x00\x00\x0c\xff\xfb\x00\x00\x00\x00\x00\xcf\xff\xb0\x00" +
		"\x00\x00\x00\x0c\xff\xff\xff\xff\xff\xfa\x00\xcf\xff\xff\xff\xff\xff\xa0\x0c\xff\xff\xff\xff\xff\xfa\x18\x12\x18\x00\xee\x00\xcf\xff\xff\x20\x00\x00\x04\xff\xff\xfa\x00\x00\xcf\xff\xff\x80\x00\x00\x0a\xff\xff\xfa\x00\x00\xcf\xff\xff\xe0\x00\x00\x1f\xff\xff" +
		"\xfa\x00\x00\xcf\xff\xff\xf5\x00\x00\x7f\xff\xff\xfa\x00\x00\xcf\xff\xff\xfb\x00\x00\xdf\xff\xff\xfa\x00\x00\xcf\xff\xcf\xff\x20\x04\xff\xfc\xff\xfa\x00\x00\xcf\xff\x7d\xff\x80\x0a\xff\xc9\xff\xfa\x00\x00\xcf\xff\x78\xff\xe0\x1f\xff\x69\xff\xfa\x00\x00\xcf" +
		"\xff\x72\xff\xf5\x7f\xfe\x19\xff\xfa\x00\x00\xcf\xff\x70\xbf\xfc\xdf\xf9\x09\xff\xfa\x00\x00\xcf\xff\x70\x4f\xff\xff\xf3\x09\xff\xfa\x00\x00\xcf\xff\x70\x0d\xff\xff\xc0\x09\xff\xfa\x00\x00\xcf\xff\x70\x07\xff\xff\x60\x09\xff\xfa\x00\x00\xcf\xff\x70\x02\xff" +
		"\xfe\x10\x09\xff\xfa\x00\x00\xcf\xff\x70\x00\xaf\xf9\x00\x09\xff\xfa\x00\x00\xcf\xff\x70\x00\x00\x00\x00\x09\xff\xfa\x00\x00\xcf\xff\x70\x00\x00\x00\x00\x09\xff\xfa\x00\x00\xcf\xff\x70\x00\x00\x00\x00\x09\xff\xfa\x00\x14\x12\x14\x00\xee\x00\xcf\xff\xf8\x00" +
		"\x00\x06\xff\xfd\x00\x00\xcf\xff\xfe\x10\x00\x06\xff\xfd\x00\x00\xcf\xff\xff\x80\x00\x06\xff\xfd\x00\x00\xcf\xff\xff\xe1\x00\x06\xff\xfd\x00\x00\xcf\xff\xff\xf9\x00\x06\xff\xfd\x00\x00\xcf\xff\xff\xff\x20\x06\xff\xfd\x00\x00\xcf\xff\x9f\xff\x90\x06\xff\xfd" +
		"\x00\x00\xcf\xff\x79\xff\xf2\x06\xff\xfd\x00\x00\xcf\xff\x71\xef\xf9\x06\xff\xfd\x00\x00\xcf\xff\x70\x8f\xff\x26\xff\xfd\x00\x00\xcf\xff\x70\x1e\xff\xa6\xff\xfd\x00\x00\xcf\xff\x70\x08\xff\xf9\xff\xfd\x00\x00\xcf\xff\x70\x01\xef\xff\xff\xfd\x00\x00\xcf\xff" +
		"\x70\x00\x7f\xff\xff\xfd\x00\x00\xcf\xff\x70\x00\x1e\xff\xff\xfd\x00\x00\xcf\xff\x70\x00\x07\xff\xff\xfd\x00\x00\xcf\xff\x70\x00\x00\xdf\xff\xfd\x00\x00\xcf\xff\x70\x00\x00\x6f\xff\xfd\x00\x14\x12\x14\x00\xee\x00\x00\x00\x6a\xde\xfe\xc8\x20\x00\x00\x00\x00" +
		"\x5e\xff\xff\xff\xff\xf9\x10\x00\x00\x07\xff\xff\xff\xff\xff\xff\xc1\x00\x00\x4f\xff\xfe\x61\x13\xbf\xff\xfa\x00\x00\xdf\xff\xe2\x00\x00\x0a\xff\xff\x40\x04\xff\xff\x80\x00\x00\x02\xff\xff\xa0\x08\xff\xff\x20\x00\x00\x00\xbf\xff\xe0\x0a\xff\xfe\x00\x00\x00" +
		"\x00\x8f\xff\xf1\x0b\xff\xfd\x00\x00\x00\x00\x7f\xff\xf2\x0b\xff\xfd\x00\x00\x00\x00\x7f\xff\xf2\x0a\xff\xfe\x00\x00\x00\x00\x8f\xff\xf1\x08\xff\xff\x20\x00\x00\x00\xbf\xff\xe0\x04\xff\xff\x70\x00\x00\x02\xff\xff\xa0\x00\xdf\xff\xe2\x00\x00\x0a\xff\xff\x40" +
		"\x00\x4f\xff\xfe\x51\x03\xbf\xff\xfa\x00\x00\x07\xff\xff\xff\xff\xff\xff\xc1\x00\x00\x00\x5e\xff\xff\xff\xff\xf9\x10\x00\x00\x00\x01\x6a\xde\xfe\xc8\x20\x00\x00\x12\x12\x12\x00\xee\x00\xcf\xff\xff\xff\xed\xa5\x00\x00\x00\xcf\xff\xff\xff\xff\xff\xb1\x00\x00" +
		"\xcf\xff\xff\xff\xff\xff\xfb\x00\x00\xcf\xff\xb0\x01\x4d\xff\xff\x40\x00\xcf\xff\xb0\x00\x04\xff\xff\x80\x00\xcf\xff\xb0\x00\x01\xff\xff\x90\x00\xcf\xff\xb0\x00\x04\xff\xff\x80\x00\xcf\xff\xb0\x01\x4d\xff\xff\x40\x00\xcf\xff\xff\xff\xff\xff\xfb\x00\x00\xcf" +
		"\xff\xff\xff\xff\xff\xb1\x00\x00\xcf\xff\xff\xff\xed\xa5\x00\x00\x00\xcf\xff\xb0\x00\x00\x00\x00\x00\x00\xcf\xff\xb0\x00\x00\x00\x00\x00\x00\xcf\xff\xb0\x00\x00\x00\x00\x00\x00\xcf\xff\xb0\x00\x00\x00\x00\x00\x00\xcf\xff\xb0\x00\x00\x00\x00\x00\x00\xcf\xff" +
		"\xb0\x00\x00\x00\x00\x00\x00\xcf\xff\xb0\x00\x00\x00\x00\x00\x12\x12\x12\x00\xee\x00\xcf\xff\xff\xff\xec\x93\x00\x00\x00\xcf\xff\xff\xff\xff\xff\x70\x00\x00\xcf\xff\xff\xff\xff\xff\xf4\x00\x00\xcf\xff\xb0\x02\x9f\xff\xf9\x00\x00\xcf\xff\xb0\x00\x0d\xff\xfb" +
		"\x00\x00\xcf\xff\xb0\x00\x0c\xff\xfb\x00\x00\xcf\xff\xb0\x00\x0d\xff\xf8\x00\x00\xcf\xff\xb0\x02\x9f\xff\xf2\x00\x00\xcf\xff\xff\xff\xff\xfe\x40\x00\x00\xcf\xff\xff\xff\xff\xd2\x00\x00\x00\xcf\xff\xff\xff\xff\xfd\x20\x00\x00\xcf\xff\xb0\x16\xff\xff\xc0\x00" +
		"\x00\xcf\xff\xb0\x00\x7f\xff\xf6\x00\x00\xcf\xff\xb0\x00\x0d\xff\xfd\x00\x00\xcf\xff\xb0\x00\x06\xff\xff\x50\x00\xcf\xff\xb0\x00\x01\xef\xff\xc0\x00\xcf\xff\xb0\x00\x00\x7f\xff\xf4\x00\xcf\xff\xb0\x00\x00\x1e\xff\xfc\x91\x12\x10\x00\xee\x00\x00\x05\x00\x0a" +
		"\x00\x0f\x00\x15\x00\x1b\x00\x21\x00\x27\x00\x2d\x00\x33\x00\x39\x00\x3f\x00\x45\x00\x4b\x00\x51\x00\x57\x00\x5d\x00\x63\x00\x69\x00\x00\xd0\xcd\x01\xf4\x00\xd0\xcd\x01\xf4\x00\xd0\xcd\x01\xf4\x84\x05\x1f\xff\xf7\x85\x84\x05\x1f\xff\xf7\x85\x84\x05\x1f\xff" +
		"\xf7\x85\x84\x05\x1f\xff\xf7\x85\x84\x05\x1f\xff\xf7\x85\x84\x05\x1f\xff\xf7\x85\x84\x05\x1f\xff\xf7\x85\x84\x05\x1f\xff\xf7\x85\x84\x05\x1f\xff\xf7\x85\x84\x05\x1f\xff\xf7\x85\x84\x05\x1f\xff\xf7\x85\x84\x05\x1f\xff\xf7\x85\x84\x05\x1f\xff\xf7\x85\x84\x05" +
		"\x1f\xff\xf7\x85\x84\x05\x1f\xff\xf7\x85\x10\x0d\x10\x00\xf3\x00\x15\x9c\xef\xed\xa5\x00\x00\x00\xcf\xff\xff\xff\xff\xb0\x00\x00\xcf\xff\xff\xff\xff\xf8\x00\x00\xa8\x42\x11\x39\xff\xfe\x00\x00\x00\x00\x00\x00\xff\xff\x30\x00\x16\xbd\xef\xff\xff\xff\x40\x02" +
		"\xdf\xff\xff\xff\xff\xff\x50\x0a\xff\xff\xff\xff\xff\xff\x50\x0e\xff\xf9\x20\x00\xff\xff\x50\x0e\xff\xf9\x10\x3b\xff\xff\x50\x0a\xff\xff\xff\xff\xff\xff\x50\x02\xef\xff\xff\xf9\xef\xff\x50\x00\x29\xdf\xeb\x50\xef\xff\x50\x11\x12\x11\x00\xee\x00\xff\xff\x30" +
		"\x00\x00\x00\x00\x00\x0f\xff\xf3\x00\x00\x00\x00\x00\x00\xff\xff\x30\x00\x00\x00\x00\x00\x0f\xff\xf3\x00\x00\x00\x00\x00\x00\xff\xff\x30\x00\x00\x00\x00\x00\x0f\xff\xf3\x29\xdf\xd9\x20\x00\x00\xff\xff\x8f\xff\xff\xfe\x40\x00\x0f\xff\xff\xff\xff\xff\xfe\x10" +
		"\x00\xff\xff\xf7\x11\x7f\xff\xf8\x00\x0f\xff\xfa\x00\x00\xaf\xff\xd0\x00\xff\xff\x50\x00\x05\xff\xff\x10\x0f\xff\xf4\x00\x00\x4f\xff\xf1\x00\xff\xff\x50\x00\x05\xff\xff\x10\x0f\xff\xfa\x00\x00\xaf\xff\xd0\x00\xff\xff\xf7\x11\x7f\xff\xf8\x00\x0f\xff\xff\xff" +
		"\xff\xff\xfe\x10\x00\xff\xff\x8f\xff\xff\xfe\x40\x00\x0f\xff\xf3\x29\xdf\xe9\x20\x00\x11\x12\x11\x00\xee\x00\x00\x00\x00\x00\x1f\xff\xf3\x00\x00\x00\x00\x00\x01\xff\xff\x30\x00\x00\x00\x00\x00\x1f\xff\xf3\x00\x00\x00\x00\x00\x01\xff\xff\x30\x00\x00\x00\x00" +
		"\x00\x1f\xff\xf3\x00\x00\x18\xdf\xea\x31\xff\xff\x30\x00\x2d\xff\xff\xff\x7f\xff\xf3\x00\x0c\xff\xff\xff\xff\xff\xff\x30\x05\xff\xff\x92\x16\xef\xff\xf3\x00\xaf\xff\xd0\x00\x07\xff\xff\x30\x0d\xff\xf8\x00\x00\x3f\xff\xf3\x00\xef\xff\x70\x00\x01\xff\xff\x30" +
		"\x0d\xff\xf8\x00\x00\x3f\xff\xf3\x00\xaf\xff\xc0\x00\x07\xff\xff\x30\x05\xff\xff\x92\x15\xef\xff\xf3\x00\x0c\xff\xff\xff\xff\xff\xff\x30\x00\x2d\xff\xff\xff\x7f\xff\xf3\x00\x00\x18\xdf\xea\x31\xff\xff\x30\x10\x0d\x10\x00\xf3\x00\x00\x39\xde\xfe\xb5\x00\x00" +
		"\x00\x1a\xff\xff\xff\xff\xc1\x00\x00\xaf\xff\xff\xff\xff\xfc\x00\x05\xff\xff\x71\x14\xdf\xff\x70\x0a\xff\xf8\x00\x00\x5f\xff\xc0\x0d\xff\xff\xff\xff\xff\xff\xf0\x0e\xff\xff\xff\xff\xff\xff\xf2\x0d\xff\xff\xff\xff\xff\xff\xf2\x0a\xff\xf8\x00\x00\x00\x00\x00" +
		"\x05\xff\xff\x72\x11\x24\x7b\x70\x00\xbf\xff\xff\xff\xff\xff\x80\x00\x1a\xff\xff\xff\xff\xff\x80\x00\x00\x39\xce\xfe\xdb\x84\x00\x11\x12\x11\x00\xee\x00\xff\xff\x30\x00\x00\x00\x00\x00\x0f\xff\xf3\x00\x00\x00\x00\x00\x00\xff\xff\x30\x00\x00\x00\x00\x00\x0f" +
		"\xff\xf3\x00\x00\x00\x00\x00\x00\xff\xff\x30\x00\x00\x00\x00\x00\x0f\xff\xf3\x29\xdf\xea\x20\x00\x00\xff\xff\x7e\xff\xff\xfe\x30\x00\x0f\xff\xff\xff\xff\xff\xfb\x00\x00\xff\xff\xf8\x22\xaf\xff\xf1\x00\x0f\xff\xfb\x00\x02\xff\xff\x30\x00\xff\xff\x60\x00\x0f" +
		"\xff\xf3\x00\x0f\xff\xf4\x00\x00\xff\xff\x30\x00\xff\xff\x30\x00\x0f\xff\xf3\x00\x0f\xff\xf3\x00\x00\xff\xff\x30\x00\xff\xff\x30\x00\x0f\xff\xf3\x00\x0f\xff\xf3\x00\x00\xff\xff\x30\x00\xff\xff\x30\x00\x0f\xff\xf3\x00\x0f\xff\xf3\x00\x00\xff\xff\x30\x08\x12" +
		"\x08\x00\xee\x00\xff\xff\x30\x00\xff\xff\x30\x00\xff\xff\x30\x00\xff\xff\x30\x00\x00\x00\x00\x00\xff\xff\x30\x00\xff\xff\x30\x00\xff\xff\x30\x00\xff\xff\x30\x00\xff\xff\x30\x00\xff\xff\x30\x00\xff\xff\x30\x00\xff\xff\x30\x00\xff\xff\x30\x00\xff\xff\x30\x00" +
		"\xff\xff\x30\x00\xff\xff\x30\x00\xff\xff\x30\x08\x12\x08\x00\xee\x00\xff\xff\x30\x00\xff\xff\x30\x00\xff\xff\x30\x00\xff\xff\x30\x00\xff\xff\x30\x00\xff\xff\x30\x00\xff\xff\x30\x00\xff\xff\x30\x00\xff\xff\x30\x00\xff\xff\x30\x00\xff\xff\x30\x00\xff\xff\x30" +
		"\x00\xff\xff\x30\x00\xff\xff\x30\x00\xff\xff\x30\x00\xff\xff\x30\x00\xff\xff\x30\x00\xff\xff\x30\x19\x0d\x19\x00\xf3\x00\xff\xff\x33\xae\xec\x60\x01\x9d\xfd\x92\x00\x00\x0f\xff\xf8\xff\xff\xff\x93\xef\xff\xff\xe2\x00\x00\xff\xff\xff\xff\xff\xff\xef\xff\xff" +
		"\xff\x90\x00\x0f\xff\xff\x71\x3e\xff\xff\xc2\x1a\xff\xfe\x00\x00\xff\xff\xa0\x00\xaf\xff\xf2\x00\x3f\xff\xf1\x00\x0f\xff\xf5\x00\x09\xff\xfc\x00\x01\xff\xff\x20\x00\xff\xff\x40\x00\x8f\xff\xa0\x00\x2f\xff\xf2\x00\x0f\xff\xf3\x00\x08\xff\xfa\x00\x02\xff\xff" +
		"\x20\x00\xff\xff\x30\x00\x8f\xff\xa0\x00\x2f\xff\xf2\x00\x0f\xff\xf3\x00\x08\xff\xfa\x00\x02\xff\xff\x20\x00\xff\xff\x30\x00\x8f\xff\xa0\x00\x2f\xff\xf2\x00\x0f\xff\xf3\x00\x08\xff\xfa\x00\x02\xff\xff\x20\x00\xff\xff\x30\x00\x8f\xff\xa0\x00\x2f\xff\xf2\x00" +
		"\x11\x0d\x11\x00\xf3\x00\xff\xff\x32\x9d\xfe\xa2\x00\x00\x0f\xff\xf7\xef\xff\xff\xe3\x00\x00\xff\xff\xff\xff\xff\xff\xb0\x00\x0f\xff\xff\x82\x2a\xff\xff\x10\x00\xff\xff\xb0\x00\x2f\xff\xf3\x00\x0f\xff\xf6\x00\x00\xff\xff\x30\x00\xff\xff\x40\x00\x0f\xff\xf3" +
		"\x00\x0f\xff\xf3\x00\x00\xff\xff\x30\x00\xff\xff\x30\x00\x0f\xff\xf3\x00\x0f\xff\xf3\x00\x00\xff\xff\x30\x00\xff\xff\x30\x00\x0f\xff\xf3\x00\x0f\xff\xf3\x00\x00\xff\xff\x30\x00\xff\xff\x30\x00\x0f\xff\xf3\x00\x11\x12\x11\x00\xf3\x00\xff\xff\x32\x9d\xfd\x92" +
		"\x00\x00\x0f\xff\xf8\xff\xff\xff\xe4\x00\x00\xff\xff\xff\xff\xff\xff\xe1\x00\x0f\xff\xff\x71\x17\xff\xff\x80\x00\xff\xff\xa0\x00\x0a\xff\xfd\x00\x0f\xff\xf5\x00\x00\x5f\xff\xf1\x00\xff\xff\x40\x00\x04\xff\xff\x10\x0f\xff\xf5\x00\x00\x5f\xff\xf1\x00\xff\xff" +
		"\xa0\x00\x0a\xff\xfd\x00\x0f\xff\xff\x71\x17\xff\xff\x80\x00\xff\xff\xff\xff\xff\xff\xe1\x00\x0f\xff\xf8\xff\xff\xff\xe4\x00\x00\xff\xff\x32\x9d\xfe\x92\x00\x00\x0f\xff\xf3\x00\x00\x00\x00\x00\x00\xff\xff\x30\x00\x00\x00\x00\x00\x0f\xff\xf3\x00\x00\x00\x00" +
		"\x00\x00\xff\xff\x30\x00\x00\x00\x00\x00\x0f\xff\xf3\x00\x00\x00\x00\x00\x0c\x0d\x0c\x00\xf3\x00\xff\xff\x33\xad\xfb\x00\xff\xff\x8f\xff\xfb\x00\xff\xff\xff\xff\xfb\x00\xff\xff\xfb\x31\x38\x00\xff\xff\xd0\x00\x00\x00\xff\xff\x70\x00\x00\x00\xff\xff\x50\x00" +
		"\x00\x00\xff\xff\x30\x00\x00\x00\xff\xff\x30\x00\x00\x00\xff\xff\x30\x00\x00\x00\xff\xff\x30\x00\x00\x00\xff\xff\x30\x00\x00\x00\xff\xff\x30\x00\x00\x0e\x0d\x0e\x00\xf3\x00\x17\xbe\xfe\xdb\x83\x00\x01\xdf\xff\xff\xff\xff\x40\x08\xff\xff\xff\xff\xff\x40\x0b" +
		"\xff\xf5\x10\x24\x7c\x40\x0a\xff\xf4\x00\x00\x00\x00\x06\xff\xff\xfd\xb8\x40\x00\x00\x9f\xff\xff\xff\xfd\x30\x00\x02\x69\xbd\xff\xff\xc0\x00\x00\x00\x00\x2e\xff\xf1\x08\xa6\x32\x01\x5f\xff\xf2\x08\xff\xff\xff\xff\xff\xd0\x08\xff\xff\xff\xff\xfe\x40\x01\x48" +
		"\xbd\xef\xec\x82\x00\x0b\x11\x0b\x00\xef\x00\x9f\xff\x90\x00\x00\x09\xff\xf9\x00\x00\x00\x9f\xff\x90\x00\x00\x09\xff\xf9\x00\x00\xaf\xff\xff\xff\xff\xea\xff\xff\xff\xff\xfe\xaf\xff\xff\xff\xff\xe0\x09\xff\xf9\x00\x00\x00\x9f\xff\x90\x00\x00\x09\xff\xf9\x00" +
		"\x00\x00\x9f\xff\x90\x00\x00\x09\xff\xf9\x00\x00\x00\x9f\xff\x90\x00\x00\x08\xff\xfd\x20\x00\x00\x5f\xff\xff\xff\x80\x00\xdf\xff\xff\xf8\x00\x01\x9d\xff\xff\x80\x11\x0d\x11\x00\xf3\x02\xff\xff\x10\x00\x2f\xff\xf1\x00\x2f\xff\xf1\x00\x02\xff\xff\x10\x02\xff" +
		"\xff\x10\x00\x2f\xff\xf1\x00\x2f\xff\xf1\x00\x02\xff\xff\x10\x02\xff\xff\x10\x00\x2f\xff\xf1\x00\x2f\xff\xf1\x00\x02\xff\xff\x10\x02\xff\xff\x10\x00\x2f\xff\xf1\x00\x2f\xff\xf2\x00\x04\xff\xff\x10\x01\xff\xff\x30\x00\x9f\xff\xf1\x00\x0e\xff\xfb\x21\x7f\xff" +
		"\xff\x10\x00\xaf\xff\xff\xff\xff\xff\xf1\x00\x02\xef\xff\xff\xf7\xff\xff\x10\x00\x02\x9e\xfe\x92\x2f\xff\xf1\x00\x16\x0d\x16\x00\xf3\x1f\xff\xf1\x00\x0c\xff\xe0\x00\x0d\xff\xf3\x0b\xff\xf4\x00\x1f\xff\xf3\x00\x2f\xff\xe0\x07\xff\xf8\x00\x4f\xff\xf7\x00\x5f" +
		"\xff\xa0\x03\xff\xfc\x00\x8f\xff\xfb\x00\x9f\xff\x60\x00\xef\xff\x10\xcf\xec\xfe\x00\xdf\xff\x20\x00\xbf\xff\x41\xff\xb8\xff\x32\xff\xfd\x00\x00\x7f\xff\x84\xff\x75\xff\x75\xff\xf9\x00\x00\x3f\xff\xb8\xff\x41\xff\xb9\xff\xf5\x00\x00\x0e\xff\xfc\xff\x00\xcf" +
		"\xed\xff\xf1\x00\x00\x0a\xff\xff\xfb\x00\x9f\xff\xff\xc0\x00\x00\x06\xff\xff\xf8\x00\x5f\xff\xff\x80\x00\x00\x02\xff\xff\xf4\x00\x1f\xff\xff\x40\x00\x00\x00\xdf\xff\xf1\x00\x0c\xff\xff\x10\x00",
}

var Meridiem = Font{first: 65, last: 80, lineHeight: 17,
	characters: "", pixelTop: -10, pixelBottom: 3,
	index: "\x00\x00\x00\x00\x00\x37\x00\x00\x6e\x00\x00\xa5\x00\x00\xe1\x00\x01\x13\x00\x01\x40\x00\x01\x7c\x00\x01\xb8\x00\x01\xd1\x00\x01\xf7\x00\x02\x2e\x00\x02\x5b\x00\x02\x9c\x00\x02\xd3\x00\x03\x0f",
	data: "\x0a\x0a\x0a\x00\xf6\x00\x03\xfc\x00\x00\x00\x09\xcf\x20\x00\x00\x1e\x4b\x80\x00\x00\x5d\x05\xe0\x00\x00\xb7\x00\xe5\x00\x02\xf2\x00\x8b\x00\x08\xff\xff\xff\x20\x0e\x50\x00\x0b\x70\x5f\x10\x00\x07\xd0\xab\x00\x00\x02\xf4\x0a\x0a\x0a\x00\xf6\x09\xff\xfe\xb3" +
		"\x00\x09\xb0\x01\xae\x00\x09\xb0\x00\x4f\x20\x09\xb0\x01\xad\x00\x09\xff\xff\xe3\x00\x09\xb0\x01\x7e\x20\x09\xb0\x00\x0e\x80\x09\xb0\x00\x0e\x80\x09\xb0\x01\x7f\x30\x09\xff\xfe\xc5\x00\x0a\x0a\x0a\x00\xf6\x00\x18\xdf\xdb\x40\x02\xdb\x30\x14\xb0\x0a\xd0\x00" +
		"\x00\x00\x1f\x70\x00\x00\x00\x3f\x50\x00\x00\x00\x3f\x50\x00\x00\x00\x1f\x70\x00\x00\x00\x0a\xd0\x00\x00\x00\x02\xdb\x30\x14\xb0\x00\x18\xdf\xdb\x40\x0b\x0a\x0b\x00\xf6\x09\xff\xfe\xb6\x00\x00\x9b\x00\x15\xdb\x00\x09\xb0\x00\x02\xf7\x00\x9b\x00\x00\x0a\xc0" +
		"\x09\xb0\x00\x00\x8e\x00\x9b\x00\x00\x08\xe0\x09\xb0\x00\x00\xac\x00\x9b\x00\x00\x2f\x70\x09\xb0\x01\x5d\xc1\x00\x9f\xff\xeb\x60\x00\x09\x0a\x09\x00\xf6\x09\xff\xff\xfc\x00\x9b\x00\x00\x00\x09\xb0\x00\x00\x00\x9b\x00\x00\x00\x09\xff\xff\xf9\x00\x9b\x00\x00" +
		"\x00\x09\xb0\x00\x00\x00\x9b\x00\x00\x00\x09\xb0\x00\x00\x00\x9f\xff\xff\xe0\x08\x0a\x08\x00\xf6\x09\xff\xff\xf4\x09\xb0\x00\x00\x09\xb0\x00\x00\x09\xb0\x00\x00\x09\xff\xff\xc0\x09\xb0\x00\x00\x09\xb0\x00\x00\x09\xb0\x00\x00\x09\xb0\x00\x00\x09\xb0\x00\x00" +
		"\x0b\x0a\x0b\x00\xf6\x00\x18\xdf\xec\x61\x00\x2d\xb4\x11\x39\x60\x0a\xd0\x00\x00\x00\x01\xf7\x00\x00\x00\x00\x3f\x50\x00\x00\x00\x03\xf5\x00\x0e\xff\xb0\x1f\x70\x00\x00\xab\x00\xad\x00\x00\x0a\xb0\x02\xdc\x41\x13\xcb\x00\x01\x8d\xfe\xc8\x10\x0b\x0a\x0b\x00" +
		"\xf6\x09\xb0\x00\x04\xf2\x00\x9b\x00\x00\x4f\x20\x09\xb0\x00\x04\xf2\x00\x9b\x00\x00\x4f\x20\x09\xff\xff\xff\xf2\x00\x9b\x00\x00\x4f\x20\x09\xb0\x00\x04\xf2\x00\x9b\x00\x00\x4f\x20\x09\xb0\x00\x04\xf2\x00\x9b\x00\x00\x4f\x20\x04\x0a\x04\x00\xf6\x09\xb0\x09" +
		"\xb0\x09\xb0\x09\xb0\x09\xb0\x09\xb0\x09\xb0\x09\xb0\x09\xb0\x09\xb0\x05\x0d\x04\xff\xf6\x00\x9b\x00\x09\xb0\x00\x9b\x00\x09\xb0\x00\x9b\x00\x09\xb0\x00\x9b\x00\x09\xb0\x00\x9b\x00\x09\xb0\x00\xba\x00\x3e\x60\xbe\x80\x00\x0a\x0a\x09\x00\xf6\x09\xb0\x00\x4e" +
		"\x80\x09\xb0\x05\xf7\x00\x09\xb0\x6f\x60\x00\x09\xb7\xf5\x00\x00\x09\xff\x50\x00\x00\x09\xcd\xc1\x00\x00\x09\xb1\xcc\x10\x00\x09\xb0\x1c\xd1\x00\x09\xb0\x01\xcd\x10\x09\xb0\x00\x1c\xd2\x08\x0a\x08\x00\xf6\x09\xb0\x00\x00\x09\xb0\x00\x00\x09\xb0\x00\x00\x09" +
		"\xb0\x00\x00\x09\xb0\x00\x00\x09\xb0\x00\x00\x09\xb0\x00\x00\x09\xb0\x00\x00\x09\xb0\x00\x00\x09\xff\xff\xfb\x0c\x0a\x0c\x00\xf6\x09\xf9\x00\x00\x8f\xb0\x09\xde\x10\x00\xed\xb0\x09\xbc\x60\x05\xda\xb0\x09\xb6\xc0\x0b\x7a\xb0\x09\xb1\xe3\x2f\x1a\xb0\x09\xb0" +
		"\x98\x7a\x0a\xb0\x09\xb0\x4e\xd5\x0a\xb0\x09\xb0\x0d\xe0\x0a\xb0\x09\xb0\x00\x00\x0a\xb0\x09\xb0\x00\x00\x0a\xb0\x0a\x0a\x0a\x00\xf6\x09\xf8\x00\x04\xf1\x09\xfe\x10\x04\xf1\x09\xbc\x90\x04\xf1\x09\xb4\xf2\x04\xf1\x09\xb0\xba\x04\xf1\x09\xb0\x3f\x34\xf1\x09" +
		"\xb0\x0a\xb4\xf1\x09\xb0\x02\xf8\xf1\x09\xb0\x00\x9f\xf1\x09\xb0\x00\x1e\xf1\x0b\x0a\x0b\x00\xf6\x00\x29\xdf\xd9\x20\x00\x2e\xb3\x02\xbe\x20\x0a\xd0\x00\x00\xda\x01\xf7\x00\x00\x07\xf1\x3f\x50\x00\x00\x4f\x33\xf5\x00\x00\x04\xf3\x1f\x70\x00\x00\x7f\x10\xad" +
		"\x00\x00\x0d\xa0\x02\xeb\x30\x2a\xe2\x00\x02\x9d\xfe\x92\x00\x08\x0a\x08\x00\xf6\x09\xff\xfd\x81\x09\xb0\x04\xe9\x09\xb0\x00\x9d\x09\xb0\x00\x9d\x09\xb0\x04\xe9\x09\xff\xfd\x81\x09\xb0\x00\x00\x09\xb0\x00\x00\x09\xb0\x00\x00\x09\xb0\x00\x00",
}

var Clock = Font{first: 48, last: 58, lineHeight: 71,
	characters: "", pixelTop: -45, pixelBottom: 1,
	index: "\x00\x00\x00\x00\x02\x57\x00\x03\xb2\x00\x05\x6f\x00\x07\x36\x00\x09\x1c\x00\x0a\xec\x00\x0d\x0a\x00\x0e\x81\x00\x10\xac\x00\x12\xbb",
	data: "\xaa\x2e\x2a\x00\xd3\x00\x00\x0a\x00\x13\x00\x1a\x00\x21\x00\x28\x00\x2f\x00\x36\x00\x3d\x00\x4a\x00\x57\x00\x64\x00\x71\x00\x7e\x00\x89\x00\x94\x00\xa1\x00\xae\x00\xbb\x00\xc8\x00\xd3\x00\xe0\x00\xed\x00\xfa\x00\x07\x01\x14\x01\x21\x01\x2c\x01\x39\x01\x46" +
		"\x01\x53\x01\x60\x01\x6b\x01\x76\x01\x83\x01\x90\x01\x9d\x01\xaa\x01\xb7\x01\xbe\x01\xc5\x01\xcc\x01\xd3\x01\xda\x01\xe1\x01\xea\x01\xf4\x01\x8c\x0d\x01\x48\xbd\xef\xfe\xca\x73\x8e\x8a\x03\x02\x9e\xca\x03\xfd\x71\x8b\x89\x01\x08\xd0\x01\xe6\x8a\x88\x01\x2d" +
		"\xd3\x01\xa1\x88\x87\x01\x3e\xd5\x01\xc1\x87\x86\x01\x2d\xd6\x01\xfb\x87\x85\x01\x0c\xd8\x01\xf8\x86\x84\x01\x07\xda\x01\xf4\x85\x84\x01\x1e\xc8\x07\xfe\x83\x11\x39\xc9\x01\xfc\x85\x83\x01\x09\xc9\x01\xd2\x84\x01\x05\xc9\x01\xf5\x84\x83\x01\x1e\xc8\x01\xf4" +
		"\x86\x01\x07\xc8\x01\xfb\x84\x82\x01\x06\xc8\x01\xfa\x88\x01\x0d\xc8\x01\xf2\x83\x82\x01\x0b\xc8\x01\xf4\x88\x01\x08\xc8\x01\xf7\x83\x03\x00\x01\xca\x89\x01\x04\xc8\x01\xfb\x83\x03\x00\x04\xc8\x01\xfc\x89\x01\x01\xca\x83\x03\x00\x07\xc8\x01\xf9\x8a\x01\x0d" +
		"\xc8\x01\xf3\x82\x03\x00\x0a\xc8\x01\xf7\x8a\x01\x0b\xc8\x01\xf6\x82\x03\x00\x0c\xc8\x01\xf6\x8a\x01\x09\xc8\x01\xf8\x82\x03\x00\x0d\xc8\x01\xf4\x8a\x01\x08\xc8\x01\xfa\x82\x82\xc9\x01\xf4\x8a\x01\x07\xc8\x01\xfb\x82\x02\x00\x10\xc9\x01\xf3\x8a\x01\x07\xc8" +
		"\x01\xfc\x82\x02\x00\x10\xc9\x01\xf3\x8a\x01\x06\xc8\x01\xfc\x82\x02\x00\x20\xc9\x01\xf2\x8a\x01\x06\xc8\x01\xfd\x82\x02\x00\x20\xc9\x01\xf2\x8a\x01\x06\xc8\x01\xfd\x82\x02\x00\x10\xc9\x01\xf3\x8a\x01\x06\xc8\x01\xfd\x82\x02\x00\x10\xc9\x01\xf3\x8a\x01\x07" +
		"\xc8\x01\xfc\x82\x82\xc9\x01\xf4\x8a\x01\x07\xc8\x01\xfb\x82\x03\x00\x0d\xc8\x01\xf5\x8a\x01\x08\xc8\x01\xfa\x82\x03\x00\x0c\xc8\x01\xf6\x8a\x01\x0a\xc8\x01\xf8\x82\x03\x00\x0a\xc8\x01\xf7\x8a\x01\x0b\xc8\x01\xf6\x82\x03\x00\x07\xc8\x01\xf9\x8a\x01\x0d\xc8" +
		"\x01\xf3\x82\x03\x00\x04\xc8\x01\xfc\x89\x01\x01\xca\x83\x03\x00\x01\xca\x89\x01\x04\xc8\x01\xfb\x83\x82\x01\x0b\xc8\x01\xf4\x88\x01\x08\xc8\x01\xf7\x83\x82\x01\x06\xc8\x01\xfa\x88\x01\x0e\xc8\x01\xf2\x83\x83\x01\x1e\xc8\x01\xf4\x86\x01\x08\xc8\x01\xfb\x84" +
		"\x83\x01\x09\xc9\x01\xd3\x84\x01\x05\xc9\x01\xf5\x84\x84\x01\x1e\xc8\x07\xfe\x83\x11\x3a\xc9\x01\xfc\x85\x84\x01\x07\xda\x01\xf4\x85\x85\x01\x0c\xd8\x01\xf8\x86\x86\x01\x2e\xd6\x01\xfb\x87\x87\x01\x3e\xd5\x01\xc1\x87\x88\x01\x2d\xd3\x01\xa1\x88\x89\x01\x18" +
		"\xd0\x01\xe6\x8a\x8a\x03\x02\x9e\xca\x03\xfd\x71\x8b\x8c\x0d\x01\x48\xbd\xef\xfe\xda\x73\x8e\xaa\x2c\x2a\x00\xd4\x00\x00\x09\x00\x12\x00\x19\x00\x20\x00\x27\x00\x2e\x00\x35\x00\x3c\x00\x48\x00\x52\x00\x57\x00\x5c\x00\x61\x00\x66\x00\x6b\x00\x70\x00\x75\x00" +
		"\x7a\x00\x7f\x00\x84\x00\x89\x00\x8e\x00\x93\x00\x98\x00\x9d\x00\xa2\x00\xa7\x00\xac\x00\xb1\x00\xb6\x00\xbb\x00\xc0\x00\xc5\x00\xca\x00\xcf\x00\xd4\x00\xd9\x00\xde\x00\xe3\x00\xe8\x00\xed\x00\xf2\x00\xf7\x00\xfc\x00\x8a\x05\x02\x58\xbe\xc8\x01\xfa\x8d\x85" +
		"\x05\x02\x58\xbe\xcd\x01\xfa\x8d\x84\x01\x04\xd2\x01\xfa\x8d\x84\x01\x04\xd2\x01\xfa\x8d\x84\x01\x04\xd2\x01\xfa\x8d\x84\x01\x04\xd2\x01\xfa\x8d\x84\x01\x04\xd2\x01\xfa\x8d\x84\x01\x04\xd2\x01\xfa\x8d\x84\x01\x04\xc3\x05\xfd\xa7\x41\xc8\x01\xfa\x8d\x85\x05" +
		"\x3d\xa7\x41\x84\xc8\x01\xfa\x8d\x90\xc8\x01\xfa\x8d\x90\xc8\x01\xfa\x8d\x90\xc8\x01\xfa\x8d\x90\xc8\x01\xfa\x8d\x90\xc8\x01\xfa\x8d\x90\xc8\x01\xfa\x8d\x90\xc8\x01\xfa\x8d\x90\xc8\x01\xfa\x8d\x90\xc8\x01\xfa\x8d\x90\xc8\x01\xfa\x8d\x90\xc8\x01\xfa\x8d\x90" +
		"\xc8\x01\xfa\x8d\x90\xc8\x01\xfa\x8d\x90\xc8\x01\xfa\x8d\x90\xc8\x01\xfa\x8d\x90\xc8\x01\xfa\x8d\x90\xc8\x01\xfa\x8d\x90\xc8\x01\xfa\x8d\x90\xc8\x01\xfa\x8d\x90\xc8\x01\xfa\x8d\x90\xc8\x01\xfa\x8d\x90\xc8\x01\xfa\x8d\x90\xc8\x01\xfa\x8d\x90\xc8\x01\xfa\x8d" +
		"\x90\xc8\x01\xfa\x8d\x90\xc8\x01\xfa\x8d\x86\xdc\x01\xf9\x83\x86\xdc\x01\xf9\x83\x86\xdc\x01\xf9\x83\x86\xdc\x01\xf9\x83\x86\xdc\x01\xf9\x83\x86\xdc\x01\xf9\x83\x86\xdc\x01\xf9\x83\x86\xdc\x01\xf9\x83\xaa\x2d\x2a\x00\xd3\x00\x00\x0b\x00\x14\x00\x1c\x00\x23" +
		"\x00\x2a\x00\x31\x00\x38\x00\x3f\x00\x4d\x00\x5a\x00\x66\x00\x71\x00\x7c\x00\x83\x00\x8a\x00\x91\x00\x98\x00\x9f\x00\xa6\x00\xad\x00\xb4\x00\xbb\x00\xc2\x00\xc9\x00\xd0\x00\xd7\x00\xde\x00\xe5\x00\xec\x00\xf3\x00\xfa\x00\x01\x01\x08\x01\x0f\x01\x16\x01\x1d" +
		"\x01\x24\x01\x2b\x01\x32\x01\x39\x01\x40\x01\x47\x01\x4e\x01\x55\x01\x5c\x01\x8a\x0f\x14\x68\xbc\xde\xfe\xdc\xb8\x52\x8e\x86\x03\x04\x8b\xce\x03\xfc\x61\x8b\x83\x03\x03\x8d\xd4\x01\xe5\x8a\x82\x01\x02\xd9\x01\xa1\x88\x82\x01\x02\xda\x01\xc1\x87\x82\x01\x02" +
		"\xda\x01\xfb\x87\x82\x01\x02\xdb\x01\xf7\x86\x82\x01\x02\xdc\x01\xe1\x85\x82\x01\x02\xc6\x09\xe9\x52\x10\x14\x8e\xcb\x01\xf6\x85\x82\x01\x02\xc4\x01\xb5\x88\x01\x1a\xca\x01\xfb\x85\x83\x05\x2f\xff\xb3\x8b\x01\x0a\xc9\x01\xfe\x85\x83\x03\x2f\xd5\x8e\x01\x1e" +
		"\xc9\x01\xf2\x84\x82\x03\x02\x91\x8f\x01\x08\xc9\x01\xf3\x84\x96\x01\x04\xc9\x01\xf3\x84\x96\x01\x02\xc9\x01\xf2\x84\x96\x01\x02\xc9\x01\xf1\x84\x96\x01\x04\xc8\x01\xfd\x85\x96\x01\x07\xc8\x01\xf9\x85\x96\x01\x0d\xc8\x01\xf4\x85\x95\x01\x06\xc8\x01\xfc\x86" +
		"\x95\x01\x2e\xc8\x01\xf4\x86\x94\x01\x1c\xc8\x01\xf9\x87\x93\x01\x1c\xc9\x01\xc1\x87\x92\x01\x2c\xc9\x01\xd2\x88\x91\x01\x3d\xc9\x01\xe2\x89\x90\x01\x4e\xc9\x01\xe3\x8a\x8e\x01\x05\xca\x01\xe3\x8b\x8d\x01\x07\xca\x01\xd2\x8c\x8c\x01\x09\xca\x01\xd2\x8d\x8b" +
		"\x01\x1a\xca\x01\xc1\x8e\x8a\x01\x1c\xc9\x01\xfa\x90\x89\x01\x2d\xc9\x01\xf8\x91\x88\x01\x3e\xc9\x01\xf6\x92\x87\x01\x5e\xc9\x01\xe5\x93\x85\x01\x06\xca\x01\xe3\x94\x84\x01\x08\xca\x01\xd2\x95\x83\x01\x0a\xca\x01\xc1\x96\x82\x01\x04\xdd\x01\xf8\x84\x82\x01" +
		"\x04\xdd\x01\xf8\x84\x82\x01\x04\xdd\x01\xf8\x84\x82\x01\x04\xdd\x01\xf8\x84\x82\x01\x04\xdd\x01\xf8\x84\x82\x01\x04\xdd\x01\xf8\x84\x82\x01\x04\xdd\x01\xf8\x84\x82\x01\x04\xdd\x01\xf8\x84\xaa\x2e\x2a\x00\xd3\x00\x00\x0c\x00\x14\x00\x1b\x00\x22\x00\x29\x00" +
		"\x30\x00\x37\x00\x3e\x00\x4d\x00\x58\x00\x5f\x00\x66\x00\x6d\x00\x74\x00\x7b\x00\x82\x00\x89\x00\x92\x00\x99\x00\xa0\x00\xa7\x00\xaf\x00\xb6\x00\xbd\x00\xc4\x00\xcb\x00\xd4\x00\xdb\x00\xe2\x00\xe9\x00\xf0\x00\xf7\x00\xfe\x00\x05\x01\x0c\x01\x17\x01\x23\x01" +
		"\x31\x01\x36\x01\x3b\x01\x40\x01\x45\x01\x4a\x01\x4f\x01\x58\x01\x64\x01\x89\x11\x25\x79\xbd\xee\xff\xee\xdb\xa7\x41\x8d\x85\x03\x26\xae\xd1\x01\xb5\x8b\x83\x01\x02\xd7\x01\xd5\x89\x83\x01\x02\xd8\x01\xf9\x88\x83\x01\x02\xd9\x01\xfa\x87\x83\x01\x02\xda\x01" +
		"\xf6\x86\x83\x01\x02\xdb\x01\xe1\x85\x83\x01\x02\xdb\x01\xf6\x85\x83\x11\x02\xff\xfe\xb8\x63\x21\x00\x13\x6b\xcb\x01\xfa\x85\x84\x03\x2c\x73\x8c\x01\x4d\xc9\x01\xfd\x85\x96\x01\x2e\xc8\x01\xfe\x85\x96\x01\x09\xc8\x01\xfe\x85\x96\x01\x06\xc8\x01\xfd\x85\x96" +
		"\x01\x06\xc8\x01\xfb\x85\x96\x01\x09\xc8\x01\xf7\x85\x96\x01\x2e\xc8\x01\xf1\x85\x95\x01\x3d\xc8\x01\xf8\x86\x8f\x05\x01\x24\x7b\xc9\x01\xfc\x87\x89\x01\x07\xd3\x01\xb1\x87\x89\x01\x07\xd1\x01\xe6\x89\x89\x01\x07\xcf\x01\xb5\x8b\x89\x01\x07\xce\x03\xfe\xa3" +
		"\x8a\x89\x01\x07\xd2\x01\xb2\x88\x89\x01\x07\xd3\x01\xe4\x87\x89\x01\x07\xd4\x01\xf4\x86\x89\x01\x07\xd5\x01\xe1\x85\x8f\x05\x01\x24\x7b\xcb\x01\xfa\x85\x95\x01\x3b\xca\x01\xf2\x84\x96\x01\x0a\xc9\x01\xf7\x84\x97\x01\x1d\xc8\x01\xfa\x84\x97\x01\x08\xc8\x01" +
		"\xfd\x84\x97\x01\x06\xc8\x01\xfe\x84\x97\x01\x05\xc8\x01\xfe\x84\x97\x01\x08\xc8\x01\xfe\x84\x97\x01\x0d\xc8\x01\xfc\x84\x82\x03\x0c\x61\x8f\x01\x09\xc9\x01\xfa\x84\x82\x05\x0f\xfe\x94\x8c\x01\x2b\xca\x01\xf6\x84\x83\xc3\x0d\xfe\xb8\x53\x21\x01\x24\x6b\xcc" +
		"\x01\xe1\x84\x83\xdd\x01\xf8\x85\x83\xdd\x01\xd1\x85\x83\xdc\x01\xf3\x86\x83\xdb\x01\xe4\x87\x83\xda\x01\xc2\x88\x83\xd8\x01\xd6\x8a\x83\x03\x26\xae\xd0\x03\xfe\xa5\x8c\x87\x11\x14\x79\xbc\xde\xff\xfe\xdc\xb9\x63\x8f\xaa\x2c\x2a\x00\xd4\x00\x00\x07\x00\x0e" +
		"\x00\x15\x00\x1c\x00\x23\x00\x2a\x00\x31\x00\x38\x00\x3f\x00\x49\x00\x53\x00\x5e\x00\x69\x00\x74\x00\x80\x00\x8c\x00\x98\x00\xa5\x00\xb2\x00\xbf\x00\xcc\x00\xd9\x00\xe6\x00\xf3\x00\x00\x01\x0d\x01\x1a\x01\x27\x01\x2c\x01\x31\x01\x36\x01\x3b\x01\x40\x01\x45" +
		"\x01\x4a\x01\x4f\x01\x56\x01\x5d\x01\x64\x01\x6b\x01\x72\x01\x79\x01\x80\x01\x87\x01\x92\x01\x2e\xc9\x01\xfb\x88\x91\x01\x0c\xca\x01\xfb\x88\x90\x01\x07\xcb\x01\xfb\x88\x90\x01\x2e\xcb\x01\xfb\x88\x8f\x01\x0c\xcc\x01\xfb\x88\x8e\x01\x07\xcd\x01\xfb\x88\x8e" +
		"\x01\x2e\xcd\x01\xfb\x88\x8d\x01\x0c\xce\x01\xfb\x88\x8c\x01\x07\xcf\x01\xfb\x88\x8c\x01\x2e\xc5\x01\xee\xc7\x01\xfb\x88\x8b\x01\x0c\xc6\x01\x6e\xc7\x01\xfb\x88\x8a\x01\x07\xc5\x03\xfb\x0e\xc7\x01\xfb\x88\x8a\x01\x2e\xc5\x03\xe2\x0e\xc7\x01\xfb\x88\x89\x01" +
		"\x0c\xc6\x03\x60\x0e\xc7\x01\xfb\x88\x88\x01\x07\xc5\x05\xfb\x00\x0e\xc7\x01\xfb\x88\x87\x01\x02\xc6\x05\xe2\x00\x0e\xc7\x01\xfb\x88\x87\x01\x0c\xc6\x05\x60\x00\x0e\xc7\x01\xfb\x88\x86\x01\x07\xc5\x01\xfb\x83\x01\x0e\xc7\x01\xfb\x88\x85\x01\x02\xc6\x01\xe2" +
		"\x83\x01\x0e\xc7\x01\xfb\x88\x85\x01\x0c\xc5\x01\xf6\x84\x01\x0e\xc7\x01\xfb\x88\x84\x01\x07\xc5\x01\xfb\x85\x01\x0e\xc7\x01\xfb\x88\x83\x01\x02\xc6\x01\xe2\x85\x01\x0e\xc7\x01\xfb\x88\x83\x01\x0c\xc5\x01\xf6\x86\x01\x0e\xc7\x01\xfb\x88\x82\x01\x07\xc5\x01" +
		"\xfb\x87\x01\x0e\xc7\x01\xfb\x88\x03\x00\x02\xc6\x01\xe2\x87\x01\x0e\xc7\x01\xfb\x88\x03\x00\x0c\xc5\x01\xf6\x88\x01\x0e\xc7\x01\xfb\x88\x02\x00\x40\xc5\x01\xfb\x89\x01\x0e\xc7\x01\xfb\x88\x02\x00\x40\xc5\x01\xe2\x89\x01\x0e\xc7\x01\xfb\x88\x02\x00\x40\xe3" +
		"\x82\x02\x00\x40\xe3\x82\x02\x00\x40\xe3\x82\x02\x00\x40\xe3\x82\x02\x00\x40\xe3\x82\x02\x00\x40\xe3\x82\x02\x00\x40\xe3\x82\x02\x00\x40\xe3\x82\x94\x01\x0e\xc7\x01\xfb\x88\x94\x01\x0e\xc7\x01\xfb\x88\x94\x01\x0e\xc7\x01\xfb\x88\x94\x01\x0e\xc7\x01\xfb\x88" +
		"\x94\x01\x0e\xc7\x01\xfb\x88\x94\x01\x0e\xc7\x01\xfb\x88\x94\x01\x0e\xc7\x01\xfb\x88\x94\x01\x0e\xc7\x01\xfb\x88\xaa\x2d\x2a\x00\xd4\x00\x00\x07\x00\x0e\x00\x15\x00\x1c\x00\x23\x00\x2a\x00\x31\x00\x38\x00\x3f\x00\x46\x00\x4d\x00\x54\x00\x5b\x00\x62\x00\x69" +
		"\x00\x76\x00\x7d\x00\x84\x00\x8b\x00\x92\x00\x99\x00\xa0\x00\xa7\x00\xb6\x00\xc2\x00\xcd\x00\xd4\x00\xdb\x00\xe2\x00\xe9\x00\xf0\x00\xf7\x00\xfe\x00\x09\x01\x15\x01\x22\x01\x31\x01\x38\x01\x3f\x01\x46\x01\x4d\x01\x54\x01\x5b\x01\x64\x01\x6f\x01\x84\x01\x0a" +
		"\xd9\x01\xf6\x86\x84\x01\x0a\xd9\x01\xf6\x86\x84\x01\x0a\xd9\x01\xf6\x86\x84\x01\x0a\xd9\x01\xf6\x86\x84\x01\x0a\xd9\x01\xf6\x86\x84\x01\x0a\xd9\x01\xf6\x86\x84\x01\x0a\xd9\x01\xf6\x86\x84\x01\x0a\xd9\x01\xf6\x86\x84\x01\x0a\xc6\x01\xf5\x99\x84\x01\x0a\xc6" +
		"\x01\xf5\x99\x84\x01\x0a\xc6\x01\xf5\x99\x84\x01\x0a\xc6\x01\xf5\x99\x84\x01\x0a\xc6\x01\xf5\x99\x84\x01\x0a\xc6\x01\xf5\x99\x84\x01\x0a\xc6\x01\xf5\x99\x84\x01\x0a\xc6\x0d\xf8\x7b\xde\xfe\xdc\xb8\x41\x8d\x84\x01\x0a\xd4\x01\xa4\x8b\x84\x01\x0a\xd6\x01\xc3" +
		"\x89\x84\x01\x0a\xd7\x01\xf7\x88\x84\x01\x0a\xd8\x01\xf9\x87\x84\x01\x0a\xd9\x01\xf8\x86\x84\x01\x0a\xda\x01\xf4\x85\x84\x01\x0a\xda\x01\xfd\x85\x84\x01\x0a\xc3\x0b\xea\x74\x21\x01\x25\x9e\xcb\x01\xf5\x84\x85\x05\xaf\xfa\x51\x89\x01\x19\xca\x01\xfb\x84\x84" +
		"\x03\x08\x81\x8d\x01\x07\xca\x01\xf1\x83\x97\x01\x0a\xc9\x01\xf4\x83\x97\x01\x03\xc9\x01\xf6\x83\x98\x01\x0d\xc8\x01\xf7\x83\x98\x01\x0c\xc8\x01\xf8\x83\x98\x01\x0c\xc8\x01\xf8\x83\x98\x01\x0d\xc8\x01\xf7\x83\x97\x01\x03\xc9\x01\xf6\x83\x82\x03\x05\x81\x90" +
		"\x01\x0a\xc9\x01\xf3\x83\x82\x05\x06\xfe\x82\x8d\x01\x07\xc9\x01\xfe\x84\x82\x01\x06\xc3\x01\xb5\x8a\x01\x19\xca\x01\xfa\x84\x82\x01\x06\xc5\x0b\xeb\x74\x21\x01\x25\x9e\xcb\x01\xf3\x84\x82\x01\x06\xdc\x01\xfb\x85\x82\x01\x06\xdc\x01\xe2\x85\x82\x01\x06\xdb" +
		"\x01\xf4\x86\x82\x01\x06\xda\x01\xf5\x87\x82\x01\x06\xd9\x01\xc3\x88\x84\x01\x5a\xd5\x01\xe7\x8a\x86\x03\x16\xae\xce\x03\xfc\x61\x8b\x8a\x0f\x25\x8a\xcd\xef\xfe\xdc\xb8\x51\x8e\xaa\x2e\x2a\x00\xd3\x00\x00\x0a\x00\x12\x00\x1a\x00\x21\x00\x28\x00\x2f\x00\x36" +
		"\x00\x3d\x00\x4b\x00\x57\x00\x62\x00\x69\x00\x70\x00\x77\x00\x7e\x00\x85\x00\x93\x00\x9e\x00\xa8\x00\xaf\x00\xb6\x00\xbd\x00\xc4\x00\xcb\x00\xd8\x00\xe5\x00\xf2\x00\xff\x00\x0a\x01\x17\x01\x24\x01\x31\x01\x3e\x01\x4b\x01\x58\x01\x65\x01\x72\x01\x7f\x01\x86" +
		"\x01\x8d\x01\x94\x01\x9b\x01\xa2\x01\xa9\x01\xb1\x01\xbb\x01\x90\x0d\x15\x8b\xde\xff\xed\xb8\x52\x8a\x8e\x01\x5b\xcc\x03\xfb\x61\x87\x8c\x01\x5d\xd0\x03\xfe\x81\x85\x8a\x01\x1a\xd4\x01\xfa\x85\x89\x01\x2d\xd5\x01\xfa\x85\x88\x01\x2e\xd6\x01\xfa\x85\x87\x01" +
		"\x1d\xd7\x01\xfa\x85\x86\x01\x0b\xd8\x01\xfa\x85\x85\x01\x07\xcb\x0f\xe9\x52\x10\x12\x58\xcf\xff\xfa\x85\x85\x01\x2e\xca\x01\x71\x88\x05\x02\x8e\xfa\x85\x84\x01\x09\xc9\x01\xe4\x8c\x03\x01\x78\x85\x83\x01\x01\xc9\x01\xf3\x97\x83\x01\x07\xc8\x01\xf7\x98\x83" +
		"\x01\x0c\xc7\x01\xfd\x99\x82\x01\x02\xc8\x01\xf7\x99\x82\x01\x06\xc8\x01\xf2\x99\x82\x01\x09\xc8\x0f\xd0\x00\x26\xad\xef\xed\xc8\x51\x8b\x82\x01\x0c\xc8\x03\xb0\x3a\xcb\x01\x92\x89\x82\x01\x0e\xc8\x01\x98\xce\x01\xf8\x88\x03\x00\x01\xdc\x01\xb1\x86\x03\x00" +
		"\x02\xdd\x01\xc1\x85\x03\x00\x03\xdd\x01\xfb\x85\x03\x00\x04\xde\x01\xf7\x84\x03\x00\x04\xdf\x01\xe1\x83\x03\x00\x04\xcd\x07\xc5\x20\x13\x8e\xc9\x01\xf7\x83\x03\x00\x03\xcb\x01\xf8\x86\x01\x3e\xc8\x01\xfc\x83\x03\x00\x03\xca\x01\xfc\x87\x01\x05\xc9\x01\xf1" +
		"\x82\x03\x00\x01\xca\x01\xf5\x88\x01\x0d\xc8\x01\xf4\x82\x83\xca\x01\xf1\x88\x01\x09\xc8\x01\xf6\x82\x82\x01\x0d\xc8\x01\xfd\x89\x01\x07\xc8\x01\xf7\x82\x82\x01\x0a\xc8\x01\xfc\x89\x01\x06\xc8\x01\xf8\x82\x82\x01\x07\xc8\x01\xfc\x89\x01\x06\xc8\x01\xf7\x82" +
		"\x82\x01\x04\xc8\x01\xfd\x89\x01\x07\xc8\x01\xf6\x82\x83\x01\x0e\xc8\x01\xf1\x88\x01\x09\xc8\x01\xf4\x82\x83\x01\x0a\xc8\x01\xf5\x88\x01\x0d\xc8\x01\xf1\x82\x83\x01\x04\xc8\x01\xfc\x87\x01\x05\xc8\x01\xfc\x83\x84\x01\x0d\xc8\x01\xf8\x86\x01\x3e\xc8\x01\xf7" +
		"\x83\x84\x01\x05\xca\x07\xc5\x20\x13\x8e\xc9\x01\xe1\x83\x85\x01\x0b\xda\x01\xf7\x84\x86\x01\x2e\xd8\x01\xfc\x85\x86\x01\x05\xd8\x01\xe2\x85\x87\x01\x06\xd6\x01\xe3\x86\x89\x01\x5e\xd3\x01\xd2\x87\x8a\x01\x2b\xd1\x01\x81\x88\x8c\x01\x4b\xcb\x03\xfe\x82\x8a" +
		"\x8d\x0d\x01\x69\xcd\xef\xfe\xca\x74\x8d\xaa\x2c\x2a\x00\xd4\x00\x00\x03\x00\x06\x00\x09\x00\x0c\x00\x0f\x00\x12\x00\x17\x00\x1c\x00\x23\x00\x2a\x00\x31\x00\x38\x00\x3f\x00\x46\x00\x4d\x00\x54\x00\x5b\x00\x62\x00\x69\x00\x70\x00\x77\x00\x7e\x00\x85\x00\x8c" +
		"\x00\x93\x00\x9a\x00\xa1\x00\xa8\x00\xaf\x00\xb6\x00\xbd\x00\xc4\x00\xcb\x00\xd2\x00\xd9\x00\xe0\x00\xe7\x00\xee\x00\xf5\x00\xfc\x00\x03\x01\x0a\x01\x11\x01\x18\x01\x83\xe0\x84\x83\xe0\x84\x83\xe0\x84\x83\xe0\x84\x83\xe0\x84\x83\xe0\x84\x83\xde\x01\xfd\x84" +
		"\x83\xde\x01\xf7\x84\x96\x01\x02\xc9\x01\xe1\x84\x96\x01\x09\xc8\x01\xf8\x85\x96\x01\x1e\xc8\x01\xf2\x85\x95\x01\x07\xc8\x01\xfa\x86\x95\x01\x0e\xc8\x01\xf3\x86\x94\x01\x06\xc8\x01\xfb\x87\x94\x01\x0d\xc8\x01\xf4\x87\x93\x01\x04\xc8\x01\xfd\x88\x93\x01\x0b" +
		"\xc8\x01\xf6\x88\x92\x01\x03\xc8\x01\xfe\x89\x92\x01\x09\xc8\x01\xf7\x89\x91\x01\x02\xc9\x01\xe1\x89\x91\x01\x08\xc8\x01\xf9\x8a\x91\x01\x1e\xc8\x01\xf2\x8a\x90\x01\x06\xc8\x01\xfa\x8b\x90\x01\x0d\xc8\x01\xf3\x8b\x8f\x01\x05\xc8\x01\xfb\x8c\x8f\x01\x0c\xc8" +
		"\x01\xf5\x8c\x8e\x01\x03\xc8\x01\xfd\x8d\x8e\x01\x0a\xc8\x01\xf6\x8d\x8d\x01\x02\xc8\x01\xfe\x8e\x8d\x01\x08\xc8\x01\xf7\x8e\x8d\x01\x1e\xc8\x01\xe1\x8e\x8c\x01\x07\xc8\x01\xf9\x8f\x8c\x01\x0d\xc8\x01\xf2\x8f\x8b\x01\x05\xc8\x01\xfa\x90\x8b\x01\x0c\xc8\x01" +
		"\xf3\x90\x8a\x01\x04\xc8\x01\xfc\x91\x8a\x01\x0b\xc8\x01\xf5\x91\x89\x01\x02\xc8\x01\xfd\x92\x89\x01\x09\xc8\x01\xf6\x92\x89\x01\x1e\xc8\x01\xe1\x92\x88\x01\x07\xc8\x01\xf8\x93\x88\x01\x0e\xc8\x01\xf1\x93\x87\x01\x06\xc8\x01\xf9\x94\x87\x01\x0d\xc8\x01\xf2" +
		"\x94\xaa\x2e\x2a\x00\xd3\x00\x00\x0b\x00\x14\x00\x1b\x00\x22\x00\x29\x00\x30\x00\x37\x00\x3e\x00\x4b\x00\x56\x00\x63\x00\x70\x00\x7b\x00\x88\x00\x95\x00\xa2\x00\xaf\x00\xb6\x00\xbd\x00\xc4\x00\xcc\x00\xd3\x00\xda\x00\xe1\x00\xe8\x00\xf5\x00\x02\x01\x0f\x01" +
		"\x1c\x01\x29\x01\x36\x01\x41\x01\x4c\x01\x57\x01\x64\x01\x71\x01\x7e\x01\x8b\x01\x92\x01\x99\x01\xa0\x01\xa7\x01\xae\x01\xb5\x01\xbd\x01\xc8\x01\x8c\x0f\x36\x8b\xdd\xef\xfe\xdc\xa8\x51\x8c\x88\x03\x02\x8d\xce\x03\xfc\x71\x89\x87\x01\x18\xd4\x01\xe6\x88\x86" +
		"\x01\x3d\xd7\x01\xb1\x86\x85\x01\x2e\xd8\x01\xfc\x86\x84\x01\x0d\xda\x01\xf9\x85\x83\x01\x06\xdc\x01\xf2\x84\x83\x01\x0c\xdc\x01\xf8\x84\x82\x01\x01\xcb\x07\xb5\x20\x12\x6d\xc9\x01\xfc\x84\x82\x01\x04\xc9\x01\xf6\x86\x01\x0b\xca\x84\x82\x01\x05\xc8\x01\xfb" +
		"\x88\x01\x1e\xc8\x01\xf1\x83\x82\x01\x05\xc8\x01\xf6\x88\x01\x0b\xc8\x01\xf1\x83\x82\x01\x04\xc8\x01\xf5\x88\x01\x09\xc9\x84\x82\x01\x01\xc8\x01\xf6\x88\x01\x0b\xc7\x01\xfc\x84\x83\x01\x0c\xc7\x01\xfb\x88\x01\x1e\xc7\x01\xf8\x84\x83\x01\x06\xc8\x01\xf6\x86" +
		"\x01\x0b\xc8\x01\xf2\x84\x84\x01\x0c\xc9\x07\xb5\x20\x02\x6d\xc8\x01\xf8\x85\x85\x01\x2d\xd8\x01\xfa\x86\x86\x01\x2c\xd6\x01\xf9\x87\x88\x01\x7e\xd3\x01\xc4\x88\x88\x03\x01\x6d\xcf\x01\xa4\x8a\x89\x01\x6c\xd1\x01\xa4\x89\x87\x01\x5d\xd5\x01\xb2\x87\x85\x01" +
		"\x09\xd8\x01\xe5\x86\x84\x01\x0a\xda\x01\xf5\x85\x83\x01\x06\xca\x07\xa5\x20\x12\x6c\xc9\x01\xe2\x84\x83\x01\x1e\xc8\x01\xf5\x86\x01\x08\xc8\x01\xfb\x84\x82\x01\x07\xc8\x01\xf6\x88\x01\x0a\xc8\x01\xf2\x83\x82\x01\x0d\xc7\x01\xfd\x89\x01\x03\xc8\x01\xf8\x83" +
		"\x03\x00\x01\xc8\x01\xf8\x8a\x01\x0d\xc7\x01\xfb\x83\x03\x00\x03\xc8\x01\xf6\x8a\x01\x0b\xc7\x01\xfe\x83\x03\x00\x04\xc8\x01\xf5\x8a\x01\x0a\xc9\x83\x03\x00\x05\xc8\x01\xf6\x8a\x01\x0b\xc9\x83\x03\x00\x04\xc8\x01\xf8\x8a\x01\x0d\xc9\x83\x03\x00\x03\xc8\x01" +
		"\xfd\x89\x01\x03\xc8\x01\xfd\x83\x03\x00\x01\xc9\x01\xf6\x88\x01\x0a\xc8\x01\xfb\x83\x82\x01\x0c\xc9\x01\xe4\x86\x01\x08\xc9\x01\xf8\x83\x82\x01\x08\xcb\x07\xa5\x20\x12\x6c\xca\x01\xf3\x83\x82\x01\x02\xdd\x01\xfc\x84\x83\x01\x09\xdc\x01\xf4\x84\x84\x01\x1d" +
		"\xda\x01\xf9\x85\x85\x01\x3e\xd8\x01\xfb\x86\x86\x01\x2d\xd7\x01\xa1\x86\x87\x01\x18\xd4\x01\xd5\x88\x88\x03\x01\x7d\xcf\x01\xc6\x8a\x8c\x0f\x26\x9b\xde\xff\xfe\xec\xa8\x51\x8c\xaa\x2e\x2a\x00\xd3\x00\x00\x0a\x00\x12\x00\x19\x00\x20\x00\x27\x00\x2e\x00\x35" +
		"\x00\x3c\x00\x49\x00\x56\x00\x63\x00\x70\x00\x7d\x00\x8a\x00\x95\x00\xa0\x00\xad\x00\xba\x00\xc7\x00\xd4\x00\xe1\x00\xee\x00\xf5\x00\xfc\x00\x03\x01\x0a\x01\x11\x01\x1c\x01\x27\x01\x35\x01\x3a\x01\x41\x01\x48\x01\x4f\x01\x56\x01\x60\x01\x6c\x01\x79\x01\x7e" +
		"\x01\x83\x01\x88\x01\x8d\x01\x92\x01\x99\x01\xa2\x01\xac\x01\x8b\x0d\x01\x58\xbd\xef\xfe\xdb\x84\x8f\x8a\x01\x4b\xcb\x03\xfe\x81\x8c\x88\x01\x2b\xd0\x01\xe7\x8b\x86\x01\x06\xd4\x01\xc1\x89\x85\x01\x08\xd6\x01\xd2\x88\x84\x01\x07\xd8\x01\xc1\x87\x83\x01\x04" +
		"\xd9\x01\xfa\x87\x83\x01\x0d\xda\x01\xf5\x86\x82\x01\x06\xca\x07\xd6\x21\x13\x7e\xc9\x01\xd1\x85\x82\x01\x0c\xc9\x01\xb1\x85\x01\x1c\xc8\x01\xf7\x85\x03\x00\x02\xc9\x01\xe1\x86\x01\x03\xc8\x01\xfd\x85\x03\x00\x06\xc8\x01\xf8\x88\x01\x0a\xc8\x01\xf4\x84\x03" +
		"\x00\x09\xc8\x01\xf3\x88\x01\x06\xc8\x01\xf9\x84\x03\x00\x0b\xc8\x01\xf1\x88\x01\x03\xc8\x01\xfd\x84\x03\x00\x0d\xc9\x89\x01\x02\xc9\x01\xf2\x83\x03\x00\x0d\xc9\x89\x01\x02\xc9\x01\xf5\x83\x03\x00\x0d\xc8\x01\xf1\x88\x01\x03\xc9\x01\xf7\x83\x03\x00\x0c\xc8" +
		"\x01\xf3\x88\x01\x06\xc9\x01\xf9\x83\x03\x00\x0a\xc8\x01\xf8\x88\x01\x0a\xc9\x01\xfb\x83\x03\x00\x07\xc9\x01\xe1\x86\x01\x02\xca\x01\xfc\x83\x03\x00\x03\xc9\x01\xfb\x86\x01\x1c\xca\x01\xfd\x83\x82\x01\x0d\xca\x07\xd6\x20\x13\x7e\xcb\x01\xfd\x83\x82\x01\x06" +
		"\xde\x01\xfd\x83\x83\x01\x0c\xdd\x01\xfd\x83\x83\x01\x03\xdd\x01\xfd\x83\x84\x01\x05\xdc\x01\xfc\x83\x86\x01\x4e\xda\x01\xfa\x83\x87\x01\x2c\xcd\x03\xfd\x4e\xc7\x01\xf9\x83\x89\x01\x4c\xca\x03\xe7\x11\xc8\x01\xf6\x83\x8a\x0f\x02\x6a\xcd\xee\xdc\x95\x00\x04" +
		"\xc8\x01\xf3\x83\x98\x01\x08\xc9\x84\x98\x01\x0d\xc7\x01\xfb\x84\x97\x01\x05\xc8\x01\xf7\x84\x97\x01\x0c\xc8\x01\xf1\x84\x96\x01\x09\xc8\x01\xfa\x85\x85\x01\xb4\x8d\x01\x08\xc9\x01\xf3\x85\x84\x05\x0f\xfb\x51\x89\x01\x3b\xc9\x01\xfa\x86\x85\xc2\x0b\xfe\xa7" +
		"\x32\x10\x23\x7b\xcb\x01\xe2\x86\x85\xd9\x01\xf6\x87\x85\xd8\x01\xf9\x88\x85\xd7\x01\xfa\x89\x85\xd6\x01\xf9\x8a\x85\xd5\x01\xe6\x8b\x85\x01\x4b\xd2\x01\xa2\x8c\x86\x03\x03\x9e\xcb\x03\xfe\x92\x8e\x89\x0d\x03\x7a\xcd\xef\xee\xca\x73\x91\x98\x21\x18\x00\xdf" +
		"\x00\x00\x07\x00\x0e\x00\x15\x00\x1c\x00\x23\x00\x2a\x00\x31\x00\x38\x00\x3f\x00\x46\x00\x4d\x00\x4e\x00\x4f\x00\x50\x00\x51\x00\x52\x00\x53\x00\x54\x00\x55\x00\x56\x00\x57\x00\x58\x00\x5f\x00\x66\x00\x6d\x00\x74\x00\x7b\x00\x82\x00\x89\x00\x90\x00\x97\x00" +
		"\x9e\x00\xa5\x00\x84\x01\x04\xc8\x01\xf4\x85\x84\x01\x04\xc8\x01\xf4\x85\x84\x01\x04\xc8\x01\xf4\x85\x84\x01\x04\xc8\x01\xf4\x85\x84\x01\x04\xc8\x01\xf4\x85\x84\x01\x04\xc8\x01\xf4\x85\x84\x01\x04\xc8\x01\xf4\x85\x84\x01\x04\xc8\x01\xf4\x85\x84\x01\x04\xc8" +
		"\x01\xf4\x85\x84\x01\x04\xc8\x01\xf4\x85\x84\x01\x04\xc8\x01\xf4\x85\x97\x97\x97\x97\x97\x97\x97\x97\x97\x97\x97\x84\x01\x04\xc8\x01\xf4\x85\x84\x01\x04\xc8\x01\xf4\x85\x84\x01\x04\xc8\x01\xf4\x85\x84\x01\x04\xc8\x01\xf4\x85\x84\x01\x04\xc8\x01\xf4\x85\x84" +
		"\x01\x04\xc8\x01\xf4\x85\x84\x01\x04\xc8\x01\xf4\x85\x84\x01\x04\xc8\x01\xf4\x85\x84\x01\x04\xc8\x01\xf4\x85\x84\x01\x04\xc8\x01\xf4\x85\x84\x01\x04\xc8\x01\xf4\x85",
}
